as_of_date,sku,product_name,category,warehouse,supplier,forecast_horizon_days,point_forecast_units,forecast_low_units,forecast_high_units,available_inventory,inbound_quantity_90d,inventory_position,expected_lead_time_days_p75,reorder_date,recommended_quantity,estimated_purchase_cost,priority_or_risk_classification,reason_code,projected_stockout_date,container_slot,assumptions,human_approval_status
30/06/2026,BRA-0001,Category 2 Model 001,Category 2,Warehouse A,SUP-008,30,27.185,19.6845,34.6854,0,662,662,80,,0,0,Low,NO_REORDER_POSITION_SUFFICIENT,,,Gross units demand; promo de-lifted; stockout days censored; MOQ from historical min PO; two supplier/container slots.,No purchase action
30/06/2026,BRA-0001,Category 2 Model 001,Category 2,Warehouse A,SUP-008,60,54.2905,39.5405,69.0405,0,662,662,80,,0,0,Low,NO_REORDER_POSITION_SUFFICIENT,,,Gross units demand; promo de-lifted; stockout days censored; MOQ from historical min PO; two supplier/container slots.,No purchase action
30/06/2026,BRA-0001,Category 2 Model 001,Category 2,Warehouse A,SUP-008,90,81.3195,59.3271,103.3118,0,662,662,80,,0,0,Low,NO_REORDER_POSITION_SUFFICIENT,,,Gross units demand; promo de-lifted; stockout days censored; MOQ from historical min PO; two supplier/container slots.,No purchase action
30/06/2026,BRA-0001,Category 2 Model 001,Category 2,Warehouse B,SUP-008,30,20.8662,15.1092,26.6233,1455,28,1483,80,,0,0,Low,NO_REORDER_POSITION_SUFFICIENT,,,Gross units demand; promo de-lifted; stockout days censored; MOQ from historical min PO; two supplier/container slots.,No purchase action
30/06/2026,BRA-0001,Category 2 Model 001,Category 2,Warehouse B,SUP-008,60,41.7904,30.4365,53.1443,1455,28,1483,80,,0,0,Low,NO_REORDER_POSITION_SUFFICIENT,,,Gross units demand; promo de-lifted; stockout days censored; MOQ from historical min PO; two supplier/container slots.,No purchase action
30/06/2026,BRA-0001,Category 2 Model 001,Category 2,Warehouse B,SUP-008,90,62.6165,45.6823,79.5508,1455,28,1483,80,,0,0,Low,NO_REORDER_POSITION_SUFFICIENT,,,Gross units demand; promo de-lifted; stockout days censored; MOQ from historical min PO; two supplier/container slots.,No purchase action
30/06/2026,BRA-0001,Category 2 Model 001,Category 2,Warehouse C,SUP-008,30,6.1876,4.4804,7.8948,62,0,62,80,,0,0,Low,NO_REORDER_POSITION_SUFFICIENT,,,Gross units demand; promo de-lifted; stockout days censored; MOQ from historical min PO; two supplier/container slots.,No purchase action
30/06/2026,BRA-0001,Category 2 Model 001,Category 2,Warehouse C,SUP-008,60,12.3314,8.9811,15.6817,62,0,62,80,,0,0,Low,NO_REORDER_POSITION_SUFFICIENT,,,Gross units demand; promo de-lifted; stockout days censored; MOQ from historical min PO; two supplier/container slots.,No purchase action
30/06/2026,BRA-0001,Category 2 Model 001,Category 2,Warehouse C,SUP-008,90,18.5098,13.504,23.5157,62,0,62,80,,0,0,Low,NO_REORDER_POSITION_SUFFICIENT,,,Gross units demand; promo de-lifted; stockout days censored; MOQ from historical min PO; two supplier/container slots.,No purchase action
30/06/2026,BRA-0002,Category 3 Model 002,Category 3,Warehouse A,SUP-015,30,6.5242,4.7241,8.3242,5,0,5,45.5,30/06/2026,24,488.16,Critical,BUY_APPROVAL_REQUIRED,,2,Gross units demand; promo de-lifted; stockout days censored; MOQ from historical min PO; two supplier/container slots.,Pending approval
30/06/2026,BRA-0002,Category 3 Model 002,Category 3,Warehouse A,SUP-015,60,13.0583,9.5105,16.6061,5,0,5,45.5,30/06/2026,24,488.16,Critical,BUY_APPROVAL_REQUIRED,,2,Gross units demand; promo de-lifted; stockout days censored; MOQ from historical min PO; two supplier/container slots.,Pending approval
30/06/2026,BRA-0002,Category 3 Model 002,Category 3,Warehouse A,SUP-015,90,19.5809,14.2854,24.8764,5,0,5,45.5,30/06/2026,24,488.16,Critical,BUY_APPROVAL_REQUIRED,,2,Gross units demand; promo de-lifted; stockout days censored; MOQ from historical min PO; two supplier/container slots.,Pending approval
30/06/2026,BRA-0002,Category 3 Model 002,Category 3,Warehouse B,SUP-015,30,3.8332,2.7756,4.8907,32,0,32,45.5,,0,0,Low,NO_REORDER_POSITION_SUFFICIENT,,,Gross units demand; promo de-lifted; stockout days censored; MOQ from historical min PO; two supplier/container slots.,No purchase action
30/06/2026,BRA-0002,Category 3 Model 002,Category 3,Warehouse B,SUP-015,60,7.6536,5.5742,9.733,32,0,32,45.5,,0,0,Low,NO_REORDER_POSITION_SUFFICIENT,,,Gross units demand; promo de-lifted; stockout days censored; MOQ from historical min PO; two supplier/container slots.,No purchase action
30/06/2026,BRA-0002,Category 3 Model 002,Category 3,Warehouse B,SUP-015,90,11.4856,8.3794,14.5918,32,0,32,45.5,,0,0,Low,NO_REORDER_POSITION_SUFFICIENT,,,Gross units demand; promo de-lifted; stockout days censored; MOQ from historical min PO; two supplier/container slots.,No purchase action
30/06/2026,BRA-0002,Category 3 Model 002,Category 3,Warehouse C,SUP-015,30,2.2066,1.5978,2.8154,28,0,28,45.5,,0,0,Low,NO_REORDER_POSITION_SUFFICIENT,,,Gross units demand; promo de-lifted; stockout days censored; MOQ from historical min PO; two supplier/container slots.,No purchase action
30/06/2026,BRA-0002,Category 3 Model 002,Category 3,Warehouse C,SUP-015,60,4.4187,3.2182,5.6191,28,0,28,45.5,,0,0,Low,NO_REORDER_POSITION_SUFFICIENT,,,Gross units demand; promo de-lifted; stockout days censored; MOQ from historical min PO; two supplier/container slots.,No purchase action
30/06/2026,BRA-0002,Category 3 Model 002,Category 3,Warehouse C,SUP-015,90,6.6423,4.8459,8.4387,28,0,28,45.5,,0,0,Low,NO_REORDER_POSITION_SUFFICIENT,,,Gross units demand; promo de-lifted; stockout days censored; MOQ from historical min PO; two supplier/container slots.,No purchase action
30/06/2026,BRA-0003,Category 4 Model 003,Category 4,Warehouse A,SUP-022,30,25.6164,18.5487,32.684,254,33,287,70.75,,0,0,Low,NO_REORDER_POSITION_SUFFICIENT,,,Gross units demand; promo de-lifted; stockout days censored; MOQ from historical min PO; two supplier/container slots.,No purchase action
30/06/2026,BRA-0003,Category 4 Model 003,Category 4,Warehouse A,SUP-022,60,51.0998,37.2167,64.9829,254,33,287,70.75,,0,0,Low,NO_REORDER_POSITION_SUFFICIENT,,,Gross units demand; promo de-lifted; stockout days censored; MOQ from historical min PO; two supplier/container slots.,No purchase action
30/06/2026,BRA-0003,Category 4 Model 003,Category 4,Warehouse A,SUP-022,90,76.5832,55.8718,97.2947,254,33,287,70.75,,0,0,Low,NO_REORDER_POSITION_SUFFICIENT,,,Gross units demand; promo de-lifted; stockout days censored; MOQ from historical min PO; two supplier/container slots.,No purchase action
30/06/2026,BRA-0003,Category 4 Model 003,Category 4,Warehouse B,SUP-022,30,15.1269,10.9533,19.3005,208,0,208,70.75,,0,0,Low,NO_REORDER_POSITION_SUFFICIENT,,,Gross units demand; promo de-lifted; stockout days censored; MOQ from historical min PO; two supplier/container slots.,No purchase action
30/06/2026,BRA-0003,Category 4 Model 003,Category 4,Warehouse B,SUP-022,60,30.2132,22.0047,38.4217,208,0,208,70.75,,0,0,Low,NO_REORDER_POSITION_SUFFICIENT,,,Gross units demand; promo de-lifted; stockout days censored; MOQ from historical min PO; two supplier/container slots.,No purchase action
30/06/2026,BRA-0003,Category 4 Model 003,Category 4,Warehouse B,SUP-022,90,45.2937,33.0443,57.5431,208,0,208,70.75,,0,0,Low,NO_REORDER_POSITION_SUFFICIENT,,,Gross units demand; promo de-lifted; stockout days censored; MOQ from historical min PO; two supplier/container slots.,No purchase action
30/06/2026,BRA-0003,Category 4 Model 003,Category 4,Warehouse C,SUP-022,30,9.9243,7.1861,12.6625,43,0,43,70.75,,0,0,Low,NO_REORDER_POSITION_SUFFICIENT,,,Gross units demand; promo de-lifted; stockout days censored; MOQ from historical min PO; two supplier/container slots.,No purchase action
30/06/2026,BRA-0003,Category 4 Model 003,Category 4,Warehouse C,SUP-022,60,19.8223,14.4369,25.2078,43,0,43,70.75,,0,0,Low,NO_REORDER_POSITION_SUFFICIENT,,,Gross units demand; promo de-lifted; stockout days censored; MOQ from historical min PO; two supplier/container slots.,No purchase action
30/06/2026,BRA-0003,Category 4 Model 003,Category 4,Warehouse C,SUP-022,90,29.6915,21.6616,37.7213,43,0,43,70.75,,0,0,Low,NO_REORDER_POSITION_SUFFICIENT,,,Gross units demand; promo de-lifted; stockout days censored; MOQ from historical min PO; two supplier/container slots.,No purchase action
30/06/2026,BRA-0004,Category 4 Model 004,Category 4,Warehouse A,SUP-004,30,4.5729,3.3112,5.8346,27,0,27,94,,0,0,Low,NO_REORDER_POSITION_SUFFICIENT,,,Gross units demand; promo de-lifted; stockout days censored; MOQ from historical min PO; two supplier/container slots.,No purchase action
30/06/2026,BRA-0004,Category 4 Model 004,Category 4,Warehouse A,SUP-004,60,9.1031,6.6299,11.5763,27,0,27,94,,0,0,Low,NO_REORDER_POSITION_SUFFICIENT,,,Gross units demand; promo de-lifted; stockout days censored; MOQ from historical min PO; two supplier/container slots.,No purchase action
30/06/2026,BRA-0004,Category 4 Model 004,Category 4,Warehouse A,SUP-004,90,13.6506,9.9589,17.3423,27,0,27,94,,0,0,Low,NO_REORDER_POSITION_SUFFICIENT,,,Gross units demand; promo de-lifted; stockout days censored; MOQ from historical min PO; two supplier/container slots.,No purchase action
30/06/2026,BRA-0004,Category 4 Model 004,Category 4,Warehouse B,SUP-004,30,4.5798,3.3162,5.8434,69,0,69,94,,0,0,Low,NO_REORDER_POSITION_SUFFICIENT,,,Gross units demand; promo de-lifted; stockout days censored; MOQ from historical min PO; two supplier/container slots.,No purchase action
30/06/2026,BRA-0004,Category 4 Model 004,Category 4,Warehouse B,SUP-004,60,9.1764,6.6833,11.6695,69,0,69,94,,0,0,Low,NO_REORDER_POSITION_SUFFICIENT,,,Gross units demand; promo de-lifted; stockout days censored; MOQ from historical min PO; two supplier/container slots.,No purchase action
30/06/2026,BRA-0004,Category 4 Model 004,Category 4,Warehouse B,SUP-004,90,13.7673,10.044,17.4905,69,0,69,94,,0,0,Low,NO_REORDER_POSITION_SUFFICIENT,,,Gross units demand; promo de-lifted; stockout days censored; MOQ from historical min PO; two supplier/container slots.,No purchase action
30/06/2026,BRA-0004,Category 4 Model 004,Category 4,Warehouse C,SUP-004,30,0.9245,0.6694,1.1795,18,0,18,94,,0,0,Low,NO_REORDER_POSITION_SUFFICIENT,,,Gross units demand; promo de-lifted; stockout days censored; MOQ from historical min PO; two supplier/container slots.,No purchase action
30/06/2026,BRA-0004,Category 4 Model 004,Category 4,Warehouse C,SUP-004,60,1.8547,1.3508,2.3586,18,0,18,94,,0,0,Low,NO_REORDER_POSITION_SUFFICIENT,,,Gross units demand; promo de-lifted; stockout days censored; MOQ from historical min PO; two supplier/container slots.,No purchase action
30/06/2026,BRA-0004,Category 4 Model 004,Category 4,Warehouse C,SUP-004,90,2.7907,2.0359,3.5454,18,0,18,94,,0,0,Low,NO_REORDER_POSITION_SUFFICIENT,,,Gross units demand; promo de-lifted; stockout days censored; MOQ from historical min PO; two supplier/container slots.,No purchase action
30/06/2026,BRA-0005,Category 1 Model 005,Category 1,Warehouse A,SUP-011,30,30.5953,22.1539,39.0367,152,0,152,55.75,,0,0,Low,NO_REORDER_POSITION_SUFFICIENT,,,Gross units demand; promo de-lifted; stockout days censored; MOQ from historical min PO; two supplier/container slots.,No purchase action
30/06/2026,BRA-0005,Category 1 Model 005,Category 1,Warehouse A,SUP-011,60,61.1685,44.5498,77.7871,152,0,152,55.75,,0,0,Low,NO_REORDER_POSITION_SUFFICIENT,,,Gross units demand; promo de-lifted; stockout days censored; MOQ from historical min PO; two supplier/container slots.,No purchase action
30/06/2026,BRA-0005,Category 1 Model 005,Category 1,Warehouse A,SUP-011,90,91.6498,66.8637,116.436,152,0,152,55.75,,0,0,Low,NO_REORDER_POSITION_SUFFICIENT,,,Gross units demand; promo de-lifted; stockout days censored; MOQ from historical min PO; two supplier/container slots.,No purchase action
30/06/2026,BRA-0005,Category 1 Model 005,Category 1,Warehouse B,SUP-011,30,12.3019,8.9078,15.6961,362,0,362,55.75,,0,0,Low,NO_REORDER_POSITION_SUFFICIENT,,,Gross units demand; promo de-lifted; stockout days censored; MOQ from historical min PO; two supplier/container slots.,No purchase action
30/06/2026,BRA-0005,Category 1 Model 005,Category 1,Warehouse B,SUP-011,60,24.5973,17.9145,31.28,362,0,362,55.75,,0,0,Low,NO_REORDER_POSITION_SUFFICIENT,,,Gross units demand; promo de-lifted; stockout days censored; MOQ from historical min PO; two supplier/container slots.,No purchase action
30/06/2026,BRA-0005,Category 1 Model 005,Category 1,Warehouse B,SUP-011,90,36.8753,26.9026,46.848,362,0,362,55.75,,0,0,Low,NO_REORDER_POSITION_SUFFICIENT,,,Gross units demand; promo de-lifted; stockout days censored; MOQ from historical min PO; two supplier/container slots.,No purchase action
30/06/2026,BRA-0005,Category 1 Model 005,Category 1,Warehouse C,SUP-011,30,8.8833,6.4323,11.3342,472,31,503,55.75,,0,0,Low,NO_REORDER_POSITION_SUFFICIENT,,,Gross units demand; promo de-lifted; stockout days censored; MOQ from historical min PO; two supplier/container slots.,No purchase action
30/06/2026,BRA-0005,Category 1 Model 005,Category 1,Warehouse C,SUP-011,60,17.7298,12.9129,22.5468,472,31,503,55.75,,0,0,Low,NO_REORDER_POSITION_SUFFICIENT,,,Gross units demand; promo de-lifted; stockout days censored; MOQ from historical min PO; two supplier/container slots.,No purchase action
30/06/2026,BRA-0005,Category 1 Model 005,Category 1,Warehouse C,SUP-011,90,26.6048,19.4097,33.7999,472,31,503,55.75,,0,0,Low,NO_REORDER_POSITION_SUFFICIENT,,,Gross units demand; promo de-lifted; stockout days censored; MOQ from historical min PO; two supplier/container slots.,No purchase action
30/06/2026,BRA-0006,Category 1 Model 006,Category 1,Warehouse A,SUP-018,30,16.399,11.8745,20.9236,746,55,801,85.75,,0,0,Low,NO_REORDER_POSITION_SUFFICIENT,,,Gross units demand; promo de-lifted; stockout days censored; MOQ from historical min PO; two supplier/container slots.,No purchase action
30/06/2026,BRA-0006,Category 1 Model 006,Category 1,Warehouse A,SUP-018,60,32.7586,23.8586,41.6587,746,55,801,85.75,,0,0,Low,NO_REORDER_POSITION_SUFFICIENT,,,Gross units demand; promo de-lifted; stockout days censored; MOQ from historical min PO; two supplier/container slots.,No purchase action
30/06/2026,BRA-0006,Category 1 Model 006,Category 1,Warehouse A,SUP-018,90,49.1759,35.8766,62.4752,746,55,801,85.75,,0,0,Low,NO_REORDER_POSITION_SUFFICIENT,,,Gross units demand; promo de-lifted; stockout days censored; MOQ from historical min PO; two supplier/container slots.,No purchase action
30/06/2026,BRA-0006,Category 1 Model 006,Category 1,Warehouse B,SUP-018,30,6.2215,4.505,7.9381,835,96,931,85.75,,0,0,Low,NO_REORDER_POSITION_SUFFICIENT,,,Gross units demand; promo de-lifted; stockout days censored; MOQ from historical min PO; two supplier/container slots.,No purchase action
30/06/2026,BRA-0006,Category 1 Model 006,Category 1,Warehouse B,SUP-018,60,12.4396,9.0599,15.8192,835,96,931,85.75,,0,0,Low,NO_REORDER_POSITION_SUFFICIENT,,,Gross units demand; promo de-lifted; stockout days censored; MOQ from historical min PO; two supplier/container slots.,No purchase action
30/06/2026,BRA-0006,Category 1 Model 006,Category 1,Warehouse B,SUP-018,90,18.6173,13.5823,23.6522,835,96,931,85.75,,0,0,Low,NO_REORDER_POSITION_SUFFICIENT,,,Gross units demand; promo de-lifted; stockout days censored; MOQ from historical min PO; two supplier/container slots.,No purchase action
30/06/2026,BRA-0006,Category 1 Model 006,Category 1,Warehouse C,SUP-018,30,3.4416,2.492,4.3911,61,0,61,85.75,,0,0,Low,NO_REORDER_POSITION_SUFFICIENT,,,Gross units demand; promo de-lifted; stockout days censored; MOQ from historical min PO; two supplier/container slots.,No purchase action
30/06/2026,BRA-0006,Category 1 Model 006,Category 1,Warehouse C,SUP-018,60,6.9055,5.0294,8.7816,61,0,61,85.75,,0,0,Low,NO_REORDER_POSITION_SUFFICIENT,,,Gross units demand; promo de-lifted; stockout days censored; MOQ from historical min PO; two supplier/container slots.,No purchase action
30/06/2026,BRA-0006,Category 1 Model 006,Category 1,Warehouse C,SUP-018,90,10.3637,7.5609,13.1665,61,0,61,85.75,,0,0,Low,NO_REORDER_POSITION_SUFFICIENT,,,Gross units demand; promo de-lifted; stockout days censored; MOQ from historical min PO; two supplier/container slots.,No purchase action
30/06/2026,BRA-0007,Category 3 Model 007,Category 3,Warehouse A,SUP-025,30,13.7805,9.9784,17.5826,101,26,127,35,,0,0,Low,NO_REORDER_POSITION_SUFFICIENT,,,Gross units demand; promo de-lifted; stockout days censored; MOQ from historical min PO; two supplier/container slots.,No purchase action
30/06/2026,BRA-0007,Category 3 Model 007,Category 3,Warehouse A,SUP-025,60,27.5329,20.0526,35.0132,101,26,127,35,,0,0,Low,NO_REORDER_POSITION_SUFFICIENT,,,Gross units demand; promo de-lifted; stockout days censored; MOQ from historical min PO; two supplier/container slots.,No purchase action
30/06/2026,BRA-0007,Category 3 Model 007,Category 3,Warehouse A,SUP-025,90,41.291,30.1241,52.4579,101,26,127,35,,0,0,Low,NO_REORDER_POSITION_SUFFICIENT,,,Gross units demand; promo de-lifted; stockout days censored; MOQ from historical min PO; two supplier/container slots.,No purchase action
30/06/2026,BRA-0007,Category 3 Model 007,Category 3,Warehouse B,SUP-025,30,7.7862,5.638,9.9345,246,20,266,35,,0,0,Low,NO_REORDER_POSITION_SUFFICIENT,,,Gross units demand; promo de-lifted; stockout days censored; MOQ from historical min PO; two supplier/container slots.,No purchase action
30/06/2026,BRA-0007,Category 3 Model 007,Category 3,Warehouse B,SUP-025,60,15.5819,11.3485,19.8153,246,20,266,35,,0,0,Low,NO_REORDER_POSITION_SUFFICIENT,,,Gross units demand; promo de-lifted; stockout days censored; MOQ from historical min PO; two supplier/container slots.,No purchase action
30/06/2026,BRA-0007,Category 3 Model 007,Category 3,Warehouse B,SUP-025,90,23.3429,17.03,29.6559,246,20,266,35,,0,0,Low,NO_REORDER_POSITION_SUFFICIENT,,,Gross units demand; promo de-lifted; stockout days censored; MOQ from historical min PO; two supplier/container slots.,No purchase action
30/06/2026,BRA-0007,Category 3 Model 007,Category 3,Warehouse C,SUP-025,30,5.2079,3.771,6.6447,51,0,51,35,,0,0,Low,NO_REORDER_POSITION_SUFFICIENT,,,Gross units demand; promo de-lifted; stockout days censored; MOQ from historical min PO; two supplier/container slots.,No purchase action
30/06/2026,BRA-0007,Category 3 Model 007,Category 3,Warehouse C,SUP-025,60,10.3966,7.572,13.2212,51,0,51,35,,0,0,Low,NO_REORDER_POSITION_SUFFICIENT,,,Gross units demand; promo de-lifted; stockout days censored; MOQ from historical min PO; two supplier/container slots.,No purchase action
30/06/2026,BRA-0007,Category 3 Model 007,Category 3,Warehouse C,SUP-025,90,15.5853,11.3703,19.8002,51,0,51,35,,0,0,Low,NO_REORDER_POSITION_SUFFICIENT,,,Gross units demand; promo de-lifted; stockout days censored; MOQ from historical min PO; two supplier/container slots.,No purchase action
30/06/2026,BRA-0008,Category 1 Model 008,Category 1,Warehouse A,SUP-007,30,14.8914,10.7828,18.9999,224,48,272,75,,0,0,Low,NO_REORDER_POSITION_SUFFICIENT,,,Gross units demand; promo de-lifted; stockout days censored; MOQ from historical min PO; two supplier/container slots.,No purchase action
30/06/2026,BRA-0008,Category 1 Model 008,Category 1,Warehouse A,SUP-007,60,29.7698,21.6817,37.8578,224,48,272,75,,0,0,Low,NO_REORDER_POSITION_SUFFICIENT,,,Gross units demand; promo de-lifted; stockout days censored; MOQ from historical min PO; two supplier/container slots.,No purchase action
30/06/2026,BRA-0008,Category 1 Model 008,Category 1,Warehouse A,SUP-007,90,44.579,32.5229,56.6351,224,48,272,75,,0,0,Low,NO_REORDER_POSITION_SUFFICIENT,,,Gross units demand; promo de-lifted; stockout days censored; MOQ from historical min PO; two supplier/container slots.,No purchase action
30/06/2026,BRA-0008,Category 1 Model 008,Category 1,Warehouse B,SUP-007,30,7.6261,5.522,9.7301,528,49,577,75,,0,0,Low,NO_REORDER_POSITION_SUFFICIENT,,,Gross units demand; promo de-lifted; stockout days censored; MOQ from historical min PO; two supplier/container slots.,No purchase action
30/06/2026,BRA-0008,Category 1 Model 008,Category 1,Warehouse B,SUP-007,60,15.3361,11.1695,19.5027,528,49,577,75,,0,0,Low,NO_REORDER_POSITION_SUFFICIENT,,,Gross units demand; promo de-lifted; stockout days censored; MOQ from historical min PO; two supplier/container slots.,No purchase action
30/06/2026,BRA-0008,Category 1 Model 008,Category 1,Warehouse B,SUP-007,90,22.977,16.763,29.1909,528,49,577,75,,0,0,Low,NO_REORDER_POSITION_SUFFICIENT,,,Gross units demand; promo de-lifted; stockout days censored; MOQ from historical min PO; two supplier/container slots.,No purchase action
30/06/2026,BRA-0008,Category 1 Model 008,Category 1,Warehouse C,SUP-007,30,6.9144,5.0067,8.8221,33,0,33,75,,0,0,Low,NO_REORDER_POSITION_SUFFICIENT,,,Gross units demand; promo de-lifted; stockout days censored; MOQ from historical min PO; two supplier/container slots.,No purchase action
30/06/2026,BRA-0008,Category 1 Model 008,Category 1,Warehouse C,SUP-007,60,13.8037,10.0534,17.5539,33,0,33,75,,0,0,Low,NO_REORDER_POSITION_SUFFICIENT,,,Gross units demand; promo de-lifted; stockout days censored; MOQ from historical min PO; two supplier/container slots.,No purchase action
30/06/2026,BRA-0008,Category 1 Model 008,Category 1,Warehouse C,SUP-007,90,20.7218,15.1177,26.3259,33,0,33,75,,0,0,Low,NO_REORDER_POSITION_SUFFICIENT,,,Gross units demand; promo de-lifted; stockout days censored; MOQ from historical min PO; two supplier/container slots.,No purchase action
30/06/2026,BRA-0009,Category 4 Model 009,Category 4,Warehouse A,SUP-014,30,16.4584,11.9174,20.9993,1313,0,1313,102,,0,0,Low,NO_REORDER_POSITION_SUFFICIENT,,,Gross units demand; promo de-lifted; stockout days censored; MOQ from historical min PO; two supplier/container slots.,No purchase action
30/06/2026,BRA-0009,Category 4 Model 009,Category 4,Warehouse A,SUP-014,60,32.9339,23.9862,41.8815,1313,0,1313,102,,0,0,Low,NO_REORDER_POSITION_SUFFICIENT,,,Gross units demand; promo de-lifted; stockout days censored; MOQ from historical min PO; two supplier/container slots.,No purchase action
30/06/2026,BRA-0009,Category 4 Model 009,Category 4,Warehouse A,SUP-014,90,49.3516,36.0048,62.6985,1313,0,1313,102,,0,0,Low,NO_REORDER_POSITION_SUFFICIENT,,,Gross units demand; promo de-lifted; stockout days censored; MOQ from historical min PO; two supplier/container slots.,No purchase action
30/06/2026,BRA-0009,Category 4 Model 009,Category 4,Warehouse B,SUP-014,30,13.1558,9.5261,16.7856,1662,88,1750,102,,0,0,Low,NO_REORDER_POSITION_SUFFICIENT,,,Gross units demand; promo de-lifted; stockout days censored; MOQ from historical min PO; two supplier/container slots.,No purchase action
30/06/2026,BRA-0009,Category 4 Model 009,Category 4,Warehouse B,SUP-014,60,26.313,19.1641,33.4619,1662,88,1750,102,,0,0,Low,NO_REORDER_POSITION_SUFFICIENT,,,Gross units demand; promo de-lifted; stockout days censored; MOQ from historical min PO; two supplier/container slots.,No purchase action
30/06/2026,BRA-0009,Category 4 Model 009,Category 4,Warehouse B,SUP-014,90,39.4356,28.7705,50.1007,1662,88,1750,102,,0,0,Low,NO_REORDER_POSITION_SUFFICIENT,,,Gross units demand; promo de-lifted; stockout days censored; MOQ from historical min PO; two supplier/container slots.,No purchase action
30/06/2026,BRA-0009,Category 4 Model 009,Category 4,Warehouse C,SUP-014,30,9.6487,6.9866,12.3108,319,0,319,102,,0,0,Low,NO_REORDER_POSITION_SUFFICIENT,,,Gross units demand; promo de-lifted; stockout days censored; MOQ from historical min PO; two supplier/container slots.,No purchase action
30/06/2026,BRA-0009,Category 4 Model 009,Category 4,Warehouse C,SUP-014,60,19.2768,14.0395,24.514,319,0,319,102,,0,0,Low,NO_REORDER_POSITION_SUFFICIENT,,,Gross units demand; promo de-lifted; stockout days censored; MOQ from historical min PO; two supplier/container slots.,No purchase action
30/06/2026,BRA-0009,Category 4 Model 009,Category 4,Warehouse C,SUP-014,90,28.8876,21.0751,36.7001,319,0,319,102,,0,0,Low,NO_REORDER_POSITION_SUFFICIENT,,,Gross units demand; promo de-lifted; stockout days censored; MOQ from historical min PO; two supplier/container slots.,No purchase action
30/06/2026,BRA-0010,Category 2 Model 010,Category 2,Warehouse A,SUP-021,30,39.1961,28.3817,50.0105,1035,0,1035,50,,0,0,Low,NO_REORDER_POSITION_SUFFICIENT,,,Gross units demand; promo de-lifted; stockout days censored; MOQ from historical min PO; two supplier/container slots.,No purchase action
30/06/2026,BRA-0010,Category 2 Model 010,Category 2,Warehouse A,SUP-021,60,78.334,57.0517,99.6163,1035,0,1035,50,,0,0,Low,NO_REORDER_POSITION_SUFFICIENT,,,Gross units demand; promo de-lifted; stockout days censored; MOQ from historical min PO; two supplier/container slots.,No purchase action
30/06/2026,BRA-0010,Category 2 Model 010,Category 2,Warehouse A,SUP-021,90,117.4373,85.6771,149.1975,1035,0,1035,50,,0,0,Low,NO_REORDER_POSITION_SUFFICIENT,,,Gross units demand; promo de-lifted; stockout days censored; MOQ from historical min PO; two supplier/container slots.,No purchase action
30/06/2026,BRA-0010,Category 2 Model 010,Category 2,Warehouse B,SUP-021,30,24.6261,17.8317,31.4205,335,41,376,50,,0,0,Low,NO_REORDER_POSITION_SUFFICIENT,,,Gross units demand; promo de-lifted; stockout days censored; MOQ from historical min PO; two supplier/container slots.,No purchase action
30/06/2026,BRA-0010,Category 2 Model 010,Category 2,Warehouse B,SUP-021,60,49.1149,35.771,62.4587,335,41,376,50,,0,0,Low,NO_REORDER_POSITION_SUFFICIENT,,,Gross units demand; promo de-lifted; stockout days censored; MOQ from historical min PO; two supplier/container slots.,No purchase action
30/06/2026,BRA-0010,Category 2 Model 010,Category 2,Warehouse B,SUP-021,90,73.6614,53.7401,93.5826,335,41,376,50,,0,0,Low,NO_REORDER_POSITION_SUFFICIENT,,,Gross units demand; promo de-lifted; stockout days censored; MOQ from historical min PO; two supplier/container slots.,No purchase action
30/06/2026,BRA-0010,Category 2 Model 010,Category 2,Warehouse C,SUP-021,30,10.3794,7.5157,13.2432,333,0,333,50,,0,0,Low,NO_REORDER_POSITION_SUFFICIENT,,,Gross units demand; promo de-lifted; stockout days censored; MOQ from historical min PO; two supplier/container slots.,No purchase action
30/06/2026,BRA-0010,Category 2 Model 010,Category 2,Warehouse C,SUP-021,60,20.7672,15.125,26.4093,333,0,333,50,,0,0,Low,NO_REORDER_POSITION_SUFFICIENT,,,Gross units demand; promo de-lifted; stockout days censored; MOQ from historical min PO; two supplier/container slots.,No purchase action
30/06/2026,BRA-0010,Category 2 Model 010,Category 2,Warehouse C,SUP-021,90,31.1145,22.6998,39.5293,333,0,333,50,,0,0,Low,NO_REORDER_POSITION_SUFFICIENT,,,Gross units demand; promo de-lifted; stockout days censored; MOQ from historical min PO; two supplier/container slots.,No purchase action
30/06/2026,BRA-0011,Category 2 Model 011,Category 2,Warehouse A,SUP-003,30,15.2095,11.0131,19.4058,530,41,571,87.5,,0,0,Low,NO_REORDER_POSITION_SUFFICIENT,,,Gross units demand; promo de-lifted; stockout days censored; MOQ from historical min PO; two supplier/container slots.,No purchase action
30/06/2026,BRA-0011,Category 2 Model 011,Category 2,Warehouse A,SUP-003,60,30.4411,22.1707,38.7115,530,41,571,87.5,,0,0,Low,NO_REORDER_POSITION_SUFFICIENT,,,Gross units demand; promo de-lifted; stockout days censored; MOQ from historical min PO; two supplier/container slots.,No purchase action
30/06/2026,BRA-0011,Category 2 Model 011,Category 2,Warehouse A,SUP-003,90,45.6669,33.3166,58.0173,530,41,571,87.5,,0,0,Low,NO_REORDER_POSITION_SUFFICIENT,,,Gross units demand; promo de-lifted; stockout days censored; MOQ from historical min PO; two supplier/container slots.,No purchase action
30/06/2026,BRA-0011,Category 2 Model 011,Category 2,Warehouse B,SUP-003,30,8.5526,6.1929,10.9123,425,0,425,87.5,,0,0,Low,NO_REORDER_POSITION_SUFFICIENT,,,Gross units demand; promo de-lifted; stockout days censored; MOQ from historical min PO; two supplier/container slots.,No purchase action
30/06/2026,BRA-0011,Category 2 Model 011,Category 2,Warehouse B,SUP-003,60,17.119,12.468,21.77,425,0,425,87.5,,0,0,Low,NO_REORDER_POSITION_SUFFICIENT,,,Gross units demand; promo de-lifted; stockout days censored; MOQ from historical min PO; two supplier/container slots.,No purchase action
30/06/2026,BRA-0011,Category 2 Model 011,Category 2,Warehouse B,SUP-003,90,25.6912,18.7431,32.6392,425,0,425,87.5,,0,0,Low,NO_REORDER_POSITION_SUFFICIENT,,,Gross units demand; promo de-lifted; stockout days censored; MOQ from historical min PO; two supplier/container slots.,No purchase action
30/06/2026,BRA-0011,Category 2 Model 011,Category 2,Warehouse C,SUP-003,30,7.5933,5.4982,9.6883,33,0,33,87.5,,0,0,Low,NO_REORDER_POSITION_SUFFICIENT,,,Gross units demand; promo de-lifted; stockout days censored; MOQ from historical min PO; two supplier/container slots.,No purchase action
30/06/2026,BRA-0011,Category 2 Model 011,Category 2,Warehouse C,SUP-003,60,15.1429,11.0288,19.257,33,0,33,87.5,,0,0,Low,NO_REORDER_POSITION_SUFFICIENT,,,Gross units demand; promo de-lifted; stockout days censored; MOQ from historical min PO; two supplier/container slots.,No purchase action
30/06/2026,BRA-0011,Category 2 Model 011,Category 2,Warehouse C,SUP-003,90,22.6925,16.5555,28.8296,33,0,33,87.5,,0,0,Low,NO_REORDER_POSITION_SUFFICIENT,,,Gross units demand; promo de-lifted; stockout days censored; MOQ from historical min PO; two supplier/container slots.,No purchase action
30/06/2026,BRA-0012,Category 3 Model 012,Category 3,Warehouse A,SUP-010,30,27.1841,19.6839,34.6843,220,0,220,38,,0,0,Low,NO_REORDER_POSITION_SUFFICIENT,,,Gross units demand; promo de-lifted; stockout days censored; MOQ from historical min PO; two supplier/container slots.,No purchase action
30/06/2026,BRA-0012,Category 3 Model 012,Category 3,Warehouse A,SUP-010,60,54.3585,39.5901,69.127,220,0,220,38,,0,0,Low,NO_REORDER_POSITION_SUFFICIENT,,,Gross units demand; promo de-lifted; stockout days censored; MOQ from historical min PO; two supplier/container slots.,No purchase action
30/06/2026,BRA-0012,Category 3 Model 012,Category 3,Warehouse A,SUP-010,90,81.5011,59.4596,103.5426,220,0,220,38,,0,0,Low,NO_REORDER_POSITION_SUFFICIENT,,,Gross units demand; promo de-lifted; stockout days censored; MOQ from historical min PO; two supplier/container slots.,No purchase action
30/06/2026,BRA-0012,Category 3 Model 012,Category 3,Warehouse B,SUP-010,30,14.5012,10.5002,18.5021,427,0,427,38,,0,0,Low,NO_REORDER_POSITION_SUFFICIENT,,,Gross units demand; promo de-lifted; stockout days censored; MOQ from historical min PO; two supplier/container slots.,No purchase action
30/06/2026,BRA-0012,Category 3 Model 012,Category 3,Warehouse B,SUP-010,60,29.0123,21.1301,36.8946,427,0,427,38,,0,0,Low,NO_REORDER_POSITION_SUFFICIENT,,,Gross units demand; promo de-lifted; stockout days censored; MOQ from historical min PO; two supplier/container slots.,No purchase action
30/06/2026,BRA-0012,Category 3 Model 012,Category 3,Warehouse B,SUP-010,90,43.4972,31.7336,55.2607,427,0,427,38,,0,0,Low,NO_REORDER_POSITION_SUFFICIENT,,,Gross units demand; promo de-lifted; stockout days censored; MOQ from historical min PO; two supplier/container slots.,No purchase action
30/06/2026,BRA-0012,Category 3 Model 012,Category 3,Warehouse C,SUP-010,30,9.159,6.632,11.686,60,0,60,38,,0,0,Low,NO_REORDER_POSITION_SUFFICIENT,,,Gross units demand; promo de-lifted; stockout days censored; MOQ from historical min PO; two supplier/container slots.,No purchase action
30/06/2026,BRA-0012,Category 3 Model 012,Category 3,Warehouse C,SUP-010,60,18.2795,13.3132,23.2458,60,0,60,38,,0,0,Low,NO_REORDER_POSITION_SUFFICIENT,,,Gross units demand; promo de-lifted; stockout days censored; MOQ from historical min PO; two supplier/container slots.,No purchase action
30/06/2026,BRA-0012,Category 3 Model 012,Category 3,Warehouse C,SUP-010,90,27.3913,19.9835,34.7991,60,0,60,38,,0,0,Low,NO_REORDER_POSITION_SUFFICIENT,,,Gross units demand; promo de-lifted; stockout days censored; MOQ from historical min PO; two supplier/container slots.,No purchase action
30/06/2026,BRA-0013,Category 4 Model 013,Category 4,Warehouse A,SUP-017,30,2.2234,1.61,2.8369,66,0,66,63.75,,0,0,Low,NO_REORDER_POSITION_SUFFICIENT,,,Gross units demand; promo de-lifted; stockout days censored; MOQ from historical min PO; two supplier/container slots.,No purchase action
30/06/2026,BRA-0013,Category 4 Model 013,Category 4,Warehouse A,SUP-017,60,4.4219,3.2205,5.6233,66,0,66,63.75,,0,0,Low,NO_REORDER_POSITION_SUFFICIENT,,,Gross units demand; promo de-lifted; stockout days censored; MOQ from historical min PO; two supplier/container slots.,No purchase action
30/06/2026,BRA-0013,Category 4 Model 013,Category 4,Warehouse A,SUP-017,90,6.6089,4.8216,8.3962,66,0,66,63.75,,0,0,Low,NO_REORDER_POSITION_SUFFICIENT,,,Gross units demand; promo de-lifted; stockout days censored; MOQ from historical min PO; two supplier/container slots.,No purchase action
30/06/2026,BRA-0013,Category 4 Model 013,Category 4,Warehouse B,SUP-017,30,1.5318,1.1091,1.9544,79,0,79,63.75,,0,0,Low,NO_REORDER_POSITION_SUFFICIENT,,,Gross units demand; promo de-lifted; stockout days censored; MOQ from historical min PO; two supplier/container slots.,No purchase action
30/06/2026,BRA-0013,Category 4 Model 013,Category 4,Warehouse B,SUP-017,60,3.0571,2.2265,3.8876,79,0,79,63.75,,0,0,Low,NO_REORDER_POSITION_SUFFICIENT,,,Gross units demand; promo de-lifted; stockout days censored; MOQ from historical min PO; two supplier/container slots.,No purchase action
30/06/2026,BRA-0013,Category 4 Model 013,Category 4,Warehouse B,SUP-017,90,4.5881,3.3473,5.829,79,0,79,63.75,,0,0,Low,NO_REORDER_POSITION_SUFFICIENT,,,Gross units demand; promo de-lifted; stockout days censored; MOQ from historical min PO; two supplier/container slots.,No purchase action
30/06/2026,BRA-0013,Category 4 Model 013,Category 4,Warehouse C,SUP-017,30,0.8,0.5792,1.0207,38,0,38,63.75,,0,0,Low,NO_REORDER_POSITION_SUFFICIENT,,,Gross units demand; promo de-lifted; stockout days censored; MOQ from historical min PO; two supplier/container slots.,No purchase action
30/06/2026,BRA-0013,Category 4 Model 013,Category 4,Warehouse C,SUP-017,60,1.5997,1.1651,2.0343,38,0,38,63.75,,0,0,Low,NO_REORDER_POSITION_SUFFICIENT,,,Gross units demand; promo de-lifted; stockout days censored; MOQ from historical min PO; two supplier/container slots.,No purchase action
30/06/2026,BRA-0013,Category 4 Model 013,Category 4,Warehouse C,SUP-017,90,2.3994,1.7505,3.0483,38,0,38,63.75,,0,0,Low,NO_REORDER_POSITION_SUFFICIENT,,,Gross units demand; promo de-lifted; stockout days censored; MOQ from historical min PO; two supplier/container slots.,No purchase action
30/06/2026,BRA-0014,Category 4 Model 014,Category 4,Warehouse A,SUP-024,30,42.7354,30.9445,54.5263,357,0,357,95,,0,0,Low,NO_REORDER_POSITION_SUFFICIENT,,,Gross units demand; promo de-lifted; stockout days censored; MOQ from historical min PO; two supplier/container slots.,No purchase action
30/06/2026,BRA-0014,Category 4 Model 014,Category 4,Warehouse A,SUP-024,60,85.4397,62.2269,108.6525,357,0,357,95,,0,0,Low,NO_REORDER_POSITION_SUFFICIENT,,,Gross units demand; promo de-lifted; stockout days censored; MOQ from historical min PO; two supplier/container slots.,No purchase action
30/06/2026,BRA-0014,Category 4 Model 014,Category 4,Warehouse A,SUP-024,90,128.2248,93.5472,162.9024,357,0,357,95,,0,0,Low,NO_REORDER_POSITION_SUFFICIENT,,,Gross units demand; promo de-lifted; stockout days censored; MOQ from historical min PO; two supplier/container slots.,No purchase action
30/06/2026,BRA-0014,Category 4 Model 014,Category 4,Warehouse B,SUP-024,30,19.3453,14.0078,24.6827,1116,0,1116,95,,0,0,Low,NO_REORDER_POSITION_SUFFICIENT,,,Gross units demand; promo de-lifted; stockout days censored; MOQ from historical min PO; two supplier/container slots.,No purchase action
30/06/2026,BRA-0014,Category 4 Model 014,Category 4,Warehouse B,SUP-024,60,38.725,28.2039,49.246,1116,0,1116,95,,0,0,Low,NO_REORDER_POSITION_SUFFICIENT,,,Gross units demand; promo de-lifted; stockout days censored; MOQ from historical min PO; two supplier/container slots.,No purchase action
30/06/2026,BRA-0014,Category 4 Model 014,Category 4,Warehouse B,SUP-024,90,58.0873,42.378,73.7967,1116,0,1116,95,,0,0,Low,NO_REORDER_POSITION_SUFFICIENT,,,Gross units demand; promo de-lifted; stockout days censored; MOQ from historical min PO; two supplier/container slots.,No purchase action
30/06/2026,BRA-0014,Category 4 Model 014,Category 4,Warehouse C,SUP-024,30,8.3741,6.0637,10.6846,778,0,778,95,,0,0,Low,NO_REORDER_POSITION_SUFFICIENT,,,Gross units demand; promo de-lifted; stockout days censored; MOQ from historical min PO; two supplier/container slots.,No purchase action
30/06/2026,BRA-0014,Category 4 Model 014,Category 4,Warehouse C,SUP-024,60,16.7327,12.1867,21.2788,778,0,778,95,,0,0,Low,NO_REORDER_POSITION_SUFFICIENT,,,Gross units demand; promo de-lifted; stockout days censored; MOQ from historical min PO; two supplier/container slots.,No purchase action
30/06/2026,BRA-0014,Category 4 Model 014,Category 4,Warehouse C,SUP-024,90,25.0914,18.3056,31.8772,778,0,778,95,,0,0,Low,NO_REORDER_POSITION_SUFFICIENT,,,Gross units demand; promo de-lifted; stockout days censored; MOQ from historical min PO; two supplier/container slots.,No purchase action
30/06/2026,BRA-0015,Category 2 Model 015,Category 2,Warehouse A,SUP-006,30,31.8589,23.0689,40.649,270,0,270,53.25,,0,0,Low,NO_REORDER_POSITION_SUFFICIENT,,,Gross units demand; promo de-lifted; stockout days censored; MOQ from historical min PO; two supplier/container slots.,No purchase action
30/06/2026,BRA-0015,Category 2 Model 015,Category 2,Warehouse A,SUP-006,60,63.6334,46.3451,80.9217,270,0,270,53.25,,0,0,Low,NO_REORDER_POSITION_SUFFICIENT,,,Gross units demand; promo de-lifted; stockout days censored; MOQ from historical min PO; two supplier/container slots.,No purchase action
30/06/2026,BRA-0015,Category 2 Model 015,Category 2,Warehouse A,SUP-006,90,95.3214,69.5423,121.1004,270,0,270,53.25,,0,0,Low,NO_REORDER_POSITION_SUFFICIENT,,,Gross units demand; promo de-lifted; stockout days censored; MOQ from historical min PO; two supplier/container slots.,No purchase action
30/06/2026,BRA-0015,Category 2 Model 015,Category 2,Warehouse B,SUP-006,30,15.6989,11.3675,20.0303,158,40,198,53.25,,0,0,Low,NO_REORDER_POSITION_SUFFICIENT,,,Gross units demand; promo de-lifted; stockout days censored; MOQ from historical min PO; two supplier/container slots.,No purchase action
30/06/2026,BRA-0015,Category 2 Model 015,Category 2,Warehouse B,SUP-006,60,31.3971,22.8669,39.9272,158,40,198,53.25,,0,0,Low,NO_REORDER_POSITION_SUFFICIENT,,,Gross units demand; promo de-lifted; stockout days censored; MOQ from historical min PO; two supplier/container slots.,No purchase action
30/06/2026,BRA-0015,Category 2 Model 015,Category 2,Warehouse B,SUP-006,90,47.0953,34.3586,59.8319,158,40,198,53.25,,0,0,Low,NO_REORDER_POSITION_SUFFICIENT,,,Gross units demand; promo de-lifted; stockout days censored; MOQ from historical min PO; two supplier/container slots.,No purchase action
30/06/2026,BRA-0015,Category 2 Model 015,Category 2,Warehouse C,SUP-006,30,8.24,5.9665,10.5134,212,216,428,53.25,,0,0,Low,NO_REORDER_POSITION_SUFFICIENT,,,Gross units demand; promo de-lifted; stockout days censored; MOQ from historical min PO; two supplier/container slots.,No purchase action
30/06/2026,BRA-0015,Category 2 Model 015,Category 2,Warehouse C,SUP-006,60,16.5125,12.0263,20.9987,212,216,428,53.25,,0,0,Low,NO_REORDER_POSITION_SUFFICIENT,,,Gross units demand; promo de-lifted; stockout days censored; MOQ from historical min PO; two supplier/container slots.,No purchase action
30/06/2026,BRA-0015,Category 2 Model 015,Category 2,Warehouse C,SUP-006,90,24.8023,18.0946,31.5099,212,216,428,53.25,,0,0,Low,NO_REORDER_POSITION_SUFFICIENT,,,Gross units demand; promo de-lifted; stockout days censored; MOQ from historical min PO; two supplier/container slots.,No purchase action
30/06/2026,BRA-0016,Category 2 Model 016,Category 2,Warehouse A,SUP-013,30,18.7516,13.578,23.9253,692,52,744,82,,0,0,Low,NO_REORDER_POSITION_SUFFICIENT,,,Gross units demand; promo de-lifted; stockout days censored; MOQ from historical min PO; two supplier/container slots.,No purchase action
30/06/2026,BRA-0016,Category 2 Model 016,Category 2,Warehouse A,SUP-013,60,37.5422,27.3425,47.7419,692,52,744,82,,0,0,Low,NO_REORDER_POSITION_SUFFICIENT,,,Gross units demand; promo de-lifted; stockout days censored; MOQ from historical min PO; two supplier/container slots.,No purchase action
30/06/2026,BRA-0016,Category 2 Model 016,Category 2,Warehouse A,SUP-013,90,56.3517,41.1117,71.5917,692,52,744,82,,0,0,Low,NO_REORDER_POSITION_SUFFICIENT,,,Gross units demand; promo de-lifted; stockout days censored; MOQ from historical min PO; two supplier/container slots.,No purchase action
30/06/2026,BRA-0016,Category 2 Model 016,Category 2,Warehouse B,SUP-013,30,12.5453,9.084,16.0066,449,12,461,82,,0,0,Low,NO_REORDER_POSITION_SUFFICIENT,,,Gross units demand; promo de-lifted; stockout days censored; MOQ from historical min PO; two supplier/container slots.,No purchase action
30/06/2026,BRA-0016,Category 2 Model 016,Category 2,Warehouse B,SUP-013,60,25.1287,18.3016,31.9559,449,12,461,82,,0,0,Low,NO_REORDER_POSITION_SUFFICIENT,,,Gross units demand; promo de-lifted; stockout days censored; MOQ from historical min PO; two supplier/container slots.,No purchase action
30/06/2026,BRA-0016,Category 2 Model 016,Category 2,Warehouse B,SUP-013,90,37.6882,27.4957,47.8808,449,12,461,82,,0,0,Low,NO_REORDER_POSITION_SUFFICIENT,,,Gross units demand; promo de-lifted; stockout days censored; MOQ from historical min PO; two supplier/container slots.,No purchase action
30/06/2026,BRA-0016,Category 2 Model 016,Category 2,Warehouse C,SUP-013,30,3.2076,2.3226,4.0926,53,0,53,82,,0,0,Low,NO_REORDER_POSITION_SUFFICIENT,,,Gross units demand; promo de-lifted; stockout days censored; MOQ from historical min PO; two supplier/container slots.,No purchase action
30/06/2026,BRA-0016,Category 2 Model 016,Category 2,Warehouse C,SUP-013,60,6.4423,4.692,8.1926,53,0,53,82,,0,0,Low,NO_REORDER_POSITION_SUFFICIENT,,,Gross units demand; promo de-lifted; stockout days censored; MOQ from historical min PO; two supplier/container slots.,No purchase action
30/06/2026,BRA-0016,Category 2 Model 016,Category 2,Warehouse C,SUP-013,90,9.6102,7.0112,12.2093,53,0,53,82,,0,0,Low,NO_REORDER_POSITION_SUFFICIENT,,,Gross units demand; promo de-lifted; stockout days censored; MOQ from historical min PO; two supplier/container slots.,No purchase action
30/06/2026,BRA-0017,Category 2 Model 017,Category 2,Warehouse A,SUP-020,30,37.0936,26.8593,47.3279,263,0,263,32.25,,0,0,Low,NO_REORDER_POSITION_SUFFICIENT,,,Gross units demand; promo de-lifted; stockout days censored; MOQ from historical min PO; two supplier/container slots.,No purchase action
30/06/2026,BRA-0017,Category 2 Model 017,Category 2,Warehouse A,SUP-020,60,74.1305,53.9903,94.2708,263,0,263,32.25,,0,0,Low,NO_REORDER_POSITION_SUFFICIENT,,,Gross units demand; promo de-lifted; stockout days censored; MOQ from historical min PO; two supplier/container slots.,No purchase action
30/06/2026,BRA-0017,Category 2 Model 017,Category 2,Warehouse A,SUP-020,90,111.2251,81.1449,141.3052,263,0,263,32.25,,0,0,Low,NO_REORDER_POSITION_SUFFICIENT,,,Gross units demand; promo de-lifted; stockout days censored; MOQ from historical min PO; two supplier/container slots.,No purchase action
30/06/2026,BRA-0017,Category 2 Model 017,Category 2,Warehouse B,SUP-020,30,16.6283,12.0405,21.2161,74,0,74,32.25,,0,0,Low,NO_REORDER_POSITION_SUFFICIENT,,,Gross units demand; promo de-lifted; stockout days censored; MOQ from historical min PO; two supplier/container slots.,No purchase action
30/06/2026,BRA-0017,Category 2 Model 017,Category 2,Warehouse B,SUP-020,60,33.2446,24.2125,42.2767,74,0,74,32.25,,0,0,Low,NO_REORDER_POSITION_SUFFICIENT,,,Gross units demand; promo de-lifted; stockout days censored; MOQ from historical min PO; two supplier/container slots.,No purchase action
30/06/2026,BRA-0017,Category 2 Model 017,Category 2,Warehouse B,SUP-020,90,49.8263,36.3511,63.3016,74,0,74,32.25,,0,0,Low,NO_REORDER_POSITION_SUFFICIENT,,,Gross units demand; promo de-lifted; stockout days censored; MOQ from historical min PO; two supplier/container slots.,No purchase action
30/06/2026,BRA-0017,Category 2 Model 017,Category 2,Warehouse C,SUP-020,30,10.1179,7.3263,12.9095,872,54,926,32.25,,0,0,Low,NO_REORDER_POSITION_SUFFICIENT,,,Gross units demand; promo de-lifted; stockout days censored; MOQ from historical min PO; two supplier/container slots.,No purchase action
30/06/2026,BRA-0017,Category 2 Model 017,Category 2,Warehouse C,SUP-020,60,20.2329,14.7359,25.7299,872,54,926,32.25,,0,0,Low,NO_REORDER_POSITION_SUFFICIENT,,,Gross units demand; promo de-lifted; stockout days censored; MOQ from historical min PO; two supplier/container slots.,No purchase action
30/06/2026,BRA-0017,Category 2 Model 017,Category 2,Warehouse C,SUP-020,90,30.3363,22.132,38.5405,872,54,926,32.25,,0,0,Low,NO_REORDER_POSITION_SUFFICIENT,,,Gross units demand; promo de-lifted; stockout days censored; MOQ from historical min PO; two supplier/container slots.,No purchase action
30/06/2026,BRA-0018,Category 1 Model 018,Category 1,Warehouse A,SUP-002,30,33.1236,23.9847,42.2626,308,133,441,68.5,,0,0,Low,NO_REORDER_POSITION_SUFFICIENT,,,Gross units demand; promo de-lifted; stockout days censored; MOQ from historical min PO; two supplier/container slots.,No purchase action
30/06/2026,BRA-0018,Category 1 Model 018,Category 1,Warehouse A,SUP-002,60,66.2415,48.2446,84.2384,308,133,441,68.5,,0,0,Low,NO_REORDER_POSITION_SUFFICIENT,,,Gross units demand; promo de-lifted; stockout days censored; MOQ from historical min PO; two supplier/container slots.,No purchase action
30/06/2026,BRA-0018,Category 1 Model 018,Category 1,Warehouse A,SUP-002,90,99.2613,72.4167,126.1059,308,133,441,68.5,,0,0,Low,NO_REORDER_POSITION_SUFFICIENT,,,Gross units demand; promo de-lifted; stockout days censored; MOQ from historical min PO; two supplier/container slots.,No purchase action
30/06/2026,BRA-0018,Category 1 Model 018,Category 1,Warehouse B,SUP-002,30,16.2684,11.7799,20.757,514,37,551,68.5,,0,0,Low,NO_REORDER_POSITION_SUFFICIENT,,,Gross units demand; promo de-lifted; stockout days censored; MOQ from historical min PO; two supplier/container slots.,No purchase action
30/06/2026,BRA-0018,Category 1 Model 018,Category 1,Warehouse B,SUP-002,60,32.5248,23.6883,41.3614,514,37,551,68.5,,0,0,Low,NO_REORDER_POSITION_SUFFICIENT,,,Gross units demand; promo de-lifted; stockout days censored; MOQ from historical min PO; two supplier/container slots.,No purchase action
30/06/2026,BRA-0018,Category 1 Model 018,Category 1,Warehouse B,SUP-002,90,48.7467,35.5634,61.9299,514,37,551,68.5,,0,0,Low,NO_REORDER_POSITION_SUFFICIENT,,,Gross units demand; promo de-lifted; stockout days censored; MOQ from historical min PO; two supplier/container slots.,No purchase action
30/06/2026,BRA-0018,Category 1 Model 018,Category 1,Warehouse C,SUP-002,30,9.0904,6.5823,11.5985,1045,0,1045,68.5,,0,0,Low,NO_REORDER_POSITION_SUFFICIENT,,,Gross units demand; promo de-lifted; stockout days censored; MOQ from historical min PO; two supplier/container slots.,No purchase action
30/06/2026,BRA-0018,Category 1 Model 018,Category 1,Warehouse C,SUP-002,60,18.1607,13.2267,23.0948,1045,0,1045,68.5,,0,0,Low,NO_REORDER_POSITION_SUFFICIENT,,,Gross units demand; promo de-lifted; stockout days censored; MOQ from historical min PO; two supplier/container slots.,No purchase action
30/06/2026,BRA-0018,Category 1 Model 018,Category 1,Warehouse C,SUP-002,90,27.2484,19.8792,34.6175,1045,0,1045,68.5,,0,0,Low,NO_REORDER_POSITION_SUFFICIENT,,,Gross units demand; promo de-lifted; stockout days censored; MOQ from historical min PO; two supplier/container slots.,No purchase action
30/06/2026,BRA-0019,Category 1 Model 019,Category 1,Warehouse A,SUP-009,30,39.3667,28.5052,50.2281,772,48,820,97.5,,0,0,Low,NO_REORDER_POSITION_SUFFICIENT,,,Gross units demand; promo de-lifted; stockout days censored; MOQ from historical min PO; two supplier/container slots.,No purchase action
30/06/2026,BRA-0019,Category 1 Model 019,Category 1,Warehouse A,SUP-009,60,78.7472,57.3526,100.1417,772,48,820,97.5,,0,0,Low,NO_REORDER_POSITION_SUFFICIENT,,,Gross units demand; promo de-lifted; stockout days censored; MOQ from historical min PO; two supplier/container slots.,No purchase action
30/06/2026,BRA-0019,Category 1 Model 019,Category 1,Warehouse A,SUP-009,90,118.0238,86.105,149.9427,772,48,820,97.5,,0,0,Low,NO_REORDER_POSITION_SUFFICIENT,,,Gross units demand; promo de-lifted; stockout days censored; MOQ from historical min PO; two supplier/container slots.,No purchase action
30/06/2026,BRA-0019,Category 1 Model 019,Category 1,Warehouse B,SUP-009,30,17.394,12.5949,22.1931,1025,0,1025,97.5,,0,0,Low,NO_REORDER_POSITION_SUFFICIENT,,,Gross units demand; promo de-lifted; stockout days censored; MOQ from historical min PO; two supplier/container slots.,No purchase action
30/06/2026,BRA-0019,Category 1 Model 019,Category 1,Warehouse B,SUP-009,60,34.7216,25.2882,44.155,1025,0,1025,97.5,,0,0,Low,NO_REORDER_POSITION_SUFFICIENT,,,Gross units demand; promo de-lifted; stockout days censored; MOQ from historical min PO; two supplier/container slots.,No purchase action
30/06/2026,BRA-0019,Category 1 Model 019,Category 1,Warehouse B,SUP-009,90,52.0376,37.9644,66.1109,1025,0,1025,97.5,,0,0,Low,NO_REORDER_POSITION_SUFFICIENT,,,Gross units demand; promo de-lifted; stockout days censored; MOQ from historical min PO; two supplier/container slots.,No purchase action
30/06/2026,BRA-0019,Category 1 Model 019,Category 1,Warehouse C,SUP-009,30,8.0873,5.8559,10.3186,1361,0,1361,97.5,,0,0,Low,NO_REORDER_POSITION_SUFFICIENT,,,Gross units demand; promo de-lifted; stockout days censored; MOQ from historical min PO; two supplier/container slots.,No purchase action
30/06/2026,BRA-0019,Category 1 Model 019,Category 1,Warehouse C,SUP-009,60,16.2234,11.8157,20.6311,1361,0,1361,97.5,,0,0,Low,NO_REORDER_POSITION_SUFFICIENT,,,Gross units demand; promo de-lifted; stockout days censored; MOQ from historical min PO; two supplier/container slots.,No purchase action
30/06/2026,BRA-0019,Category 1 Model 019,Category 1,Warehouse C,SUP-009,90,24.325,17.7464,30.9035,1361,0,1361,97.5,,0,0,Low,NO_REORDER_POSITION_SUFFICIENT,,,Gross units demand; promo de-lifted; stockout days censored; MOQ from historical min PO; two supplier/container slots.,No purchase action
30/06/2026,BRA-0020,Category 4 Model 020,Category 4,Warehouse A,SUP-016,30,6.9489,5.0317,8.8662,129,0,129,51,,0,0,Low,NO_REORDER_POSITION_SUFFICIENT,,,Gross units demand; promo de-lifted; stockout days censored; MOQ from historical min PO; two supplier/container slots.,No purchase action
30/06/2026,BRA-0020,Category 4 Model 020,Category 4,Warehouse A,SUP-016,60,13.854,10.09,17.6179,129,0,129,51,,0,0,Low,NO_REORDER_POSITION_SUFFICIENT,,,Gross units demand; promo de-lifted; stockout days censored; MOQ from historical min PO; two supplier/container slots.,No purchase action
30/06/2026,BRA-0020,Category 4 Model 020,Category 4,Warehouse A,SUP-016,90,20.7626,15.1474,26.3777,129,0,129,51,,0,0,Low,NO_REORDER_POSITION_SUFFICIENT,,,Gross units demand; promo de-lifted; stockout days censored; MOQ from historical min PO; two supplier/container slots.,No purchase action
30/06/2026,BRA-0020,Category 4 Model 020,Category 4,Warehouse B,SUP-016,30,5.3932,3.9052,6.8813,30,0,30,51,,0,0,Low,NO_REORDER_POSITION_SUFFICIENT,,,Gross units demand; promo de-lifted; stockout days censored; MOQ from historical min PO; two supplier/container slots.,No purchase action
30/06/2026,BRA-0020,Category 4 Model 020,Category 4,Warehouse B,SUP-016,60,10.8022,7.8674,13.737,30,0,30,51,,0,0,Low,NO_REORDER_POSITION_SUFFICIENT,,,Gross units demand; promo de-lifted; stockout days censored; MOQ from historical min PO; two supplier/container slots.,No purchase action
30/06/2026,BRA-0020,Category 4 Model 020,Category 4,Warehouse B,SUP-016,90,16.1823,11.8059,20.5587,30,0,30,51,,0,0,Low,NO_REORDER_POSITION_SUFFICIENT,,,Gross units demand; promo de-lifted; stockout days censored; MOQ from historical min PO; two supplier/container slots.,No purchase action
30/06/2026,BRA-0020,Category 4 Model 020,Category 4,Warehouse C,SUP-016,30,1.9105,1.3834,2.4376,36,0,36,51,,0,0,Low,NO_REORDER_POSITION_SUFFICIENT,,,Gross units demand; promo de-lifted; stockout days censored; MOQ from historical min PO; two supplier/container slots.,No purchase action
30/06/2026,BRA-0020,Category 4 Model 020,Category 4,Warehouse C,SUP-016,60,3.8316,2.7906,4.8726,36,0,36,51,,0,0,Low,NO_REORDER_POSITION_SUFFICIENT,,,Gross units demand; promo de-lifted; stockout days censored; MOQ from historical min PO; two supplier/container slots.,No purchase action
30/06/2026,BRA-0020,Category 4 Model 020,Category 4,Warehouse C,SUP-016,90,5.7296,4.1801,7.2791,36,0,36,51,,0,0,Low,NO_REORDER_POSITION_SUFFICIENT,,,Gross units demand; promo de-lifted; stockout days censored; MOQ from historical min PO; two supplier/container slots.,No purchase action
30/06/2026,BRA-0021,Category 1 Model 021,Category 1,Warehouse A,SUP-023,30,25.7932,18.6768,32.9097,245,30,275,87.25,,0,0,Low,NO_REORDER_POSITION_SUFFICIENT,,,Gross units demand; promo de-lifted; stockout days censored; MOQ from historical min PO; two supplier/container slots.,No purchase action
30/06/2026,BRA-0021,Category 1 Model 021,Category 1,Warehouse A,SUP-023,60,51.6107,37.5888,65.6326,245,30,275,87.25,,0,0,Low,NO_REORDER_POSITION_SUFFICIENT,,,Gross units demand; promo de-lifted; stockout days censored; MOQ from historical min PO; two supplier/container slots.,No purchase action
30/06/2026,BRA-0021,Category 1 Model 021,Category 1,Warehouse A,SUP-023,90,77.2965,56.3922,98.2009,245,30,275,87.25,,0,0,Low,NO_REORDER_POSITION_SUFFICIENT,,,Gross units demand; promo de-lifted; stockout days censored; MOQ from historical min PO; two supplier/container slots.,No purchase action
30/06/2026,BRA-0021,Category 1 Model 021,Category 1,Warehouse B,SUP-023,30,11.9621,8.6617,15.2625,664,0,664,87.25,,0,0,Low,NO_REORDER_POSITION_SUFFICIENT,,,Gross units demand; promo de-lifted; stockout days censored; MOQ from historical min PO; two supplier/container slots.,No purchase action
30/06/2026,BRA-0021,Category 1 Model 021,Category 1,Warehouse B,SUP-023,60,23.9448,17.4393,30.4502,664,0,664,87.25,,0,0,Low,NO_REORDER_POSITION_SUFFICIENT,,,Gross units demand; promo de-lifted; stockout days censored; MOQ from historical min PO; two supplier/container slots.,No purchase action
30/06/2026,BRA-0021,Category 1 Model 021,Category 1,Warehouse B,SUP-023,90,35.9448,26.2237,45.6658,664,0,664,87.25,,0,0,Low,NO_REORDER_POSITION_SUFFICIENT,,,Gross units demand; promo de-lifted; stockout days censored; MOQ from historical min PO; two supplier/container slots.,No purchase action
30/06/2026,BRA-0021,Category 1 Model 021,Category 1,Warehouse C,SUP-023,30,9.0349,6.5421,11.5276,16,0,16,87.25,30/06/2026,96,13349.76,High,BUY_APPROVAL_REQUIRED,,1,Gross units demand; promo de-lifted; stockout days censored; MOQ from historical min PO; two supplier/container slots.,Pending approval
30/06/2026,BRA-0021,Category 1 Model 021,Category 1,Warehouse C,SUP-023,60,18.0719,13.162,22.9818,16,0,16,87.25,30/06/2026,96,13349.76,High,BUY_APPROVAL_REQUIRED,,1,Gross units demand; promo de-lifted; stockout days censored; MOQ from historical min PO; two supplier/container slots.,Pending approval
30/06/2026,BRA-0021,Category 1 Model 021,Category 1,Warehouse C,SUP-023,90,27.0696,19.7488,34.3905,16,0,16,87.25,30/06/2026,96,13349.76,High,BUY_APPROVAL_REQUIRED,,1,Gross units demand; promo de-lifted; stockout days censored; MOQ from historical min PO; two supplier/container slots.,Pending approval
30/06/2026,BRA-0022,Category 2 Model 022,Category 2,Warehouse A,SUP-005,30,3.7641,2.7256,4.8027,43,0,43,34.75,,0,0,Low,NO_REORDER_POSITION_SUFFICIENT,,,Gross units demand; promo de-lifted; stockout days censored; MOQ from historical min PO; two supplier/container slots.,No purchase action
30/06/2026,BRA-0022,Category 2 Model 022,Category 2,Warehouse A,SUP-005,60,7.5091,5.469,9.5492,43,0,43,34.75,,0,0,Low,NO_REORDER_POSITION_SUFFICIENT,,,Gross units demand; promo de-lifted; stockout days censored; MOQ from historical min PO; two supplier/container slots.,No purchase action
30/06/2026,BRA-0022,Category 2 Model 022,Category 2,Warehouse A,SUP-005,90,11.2772,8.2274,14.3271,43,0,43,34.75,,0,0,Low,NO_REORDER_POSITION_SUFFICIENT,,,Gross units demand; promo de-lifted; stockout days censored; MOQ from historical min PO; two supplier/container slots.,No purchase action
30/06/2026,BRA-0022,Category 2 Model 022,Category 2,Warehouse B,SUP-005,30,0.9383,0.6794,1.1972,39,0,39,34.75,,0,0,Low,NO_REORDER_POSITION_SUFFICIENT,,,Gross units demand; promo de-lifted; stockout days censored; MOQ from historical min PO; two supplier/container slots.,No purchase action
30/06/2026,BRA-0022,Category 2 Model 022,Category 2,Warehouse B,SUP-005,60,1.8646,1.358,2.3712,39,0,39,34.75,,0,0,Low,NO_REORDER_POSITION_SUFFICIENT,,,Gross units demand; promo de-lifted; stockout days censored; MOQ from historical min PO; two supplier/container slots.,No purchase action
30/06/2026,BRA-0022,Category 2 Model 022,Category 2,Warehouse B,SUP-005,90,2.7967,2.0403,3.553,39,0,39,34.75,,0,0,Low,NO_REORDER_POSITION_SUFFICIENT,,,Gross units demand; promo de-lifted; stockout days censored; MOQ from historical min PO; two supplier/container slots.,No purchase action
30/06/2026,BRA-0022,Category 2 Model 022,Category 2,Warehouse C,SUP-005,30,0.869,0.6293,1.1088,76,0,76,34.75,,0,0,Low,NO_REORDER_POSITION_SUFFICIENT,,,Gross units demand; promo de-lifted; stockout days censored; MOQ from historical min PO; two supplier/container slots.,No purchase action
30/06/2026,BRA-0022,Category 2 Model 022,Category 2,Warehouse C,SUP-005,60,1.7466,1.272,2.2211,76,0,76,34.75,,0,0,Low,NO_REORDER_POSITION_SUFFICIENT,,,Gross units demand; promo de-lifted; stockout days censored; MOQ from historical min PO; two supplier/container slots.,No purchase action
30/06/2026,BRA-0022,Category 2 Model 022,Category 2,Warehouse C,SUP-005,90,2.6183,1.9102,3.3264,76,0,76,34.75,,0,0,Low,NO_REORDER_POSITION_SUFFICIENT,,,Gross units demand; promo de-lifted; stockout days censored; MOQ from historical min PO; two supplier/container slots.,No purchase action
30/06/2026,BRA-0023,Category 2 Model 023,Category 2,Warehouse A,SUP-012,30,32.9892,23.8873,42.0911,1150,79,1229,64,,0,0,Low,NO_REORDER_POSITION_SUFFICIENT,,,Gross units demand; promo de-lifted; stockout days censored; MOQ from historical min PO; two supplier/container slots.,No purchase action
30/06/2026,BRA-0023,Category 2 Model 023,Category 2,Warehouse A,SUP-012,60,65.9565,48.037,83.8759,1150,79,1229,64,,0,0,Low,NO_REORDER_POSITION_SUFFICIENT,,,Gross units demand; promo de-lifted; stockout days censored; MOQ from historical min PO; two supplier/container slots.,No purchase action
30/06/2026,BRA-0023,Category 2 Model 023,Category 2,Warehouse A,SUP-012,90,98.9122,72.162,125.6624,1150,79,1229,64,,0,0,Low,NO_REORDER_POSITION_SUFFICIENT,,,Gross units demand; promo de-lifted; stockout days censored; MOQ from historical min PO; two supplier/container slots.,No purchase action
30/06/2026,BRA-0023,Category 2 Model 023,Category 2,Warehouse B,SUP-012,30,15.0992,10.9333,19.2651,194,47,241,64,,0,0,Low,NO_REORDER_POSITION_SUFFICIENT,,,Gross units demand; promo de-lifted; stockout days censored; MOQ from historical min PO; two supplier/container slots.,No purchase action
30/06/2026,BRA-0023,Category 2 Model 023,Category 2,Warehouse B,SUP-012,60,30.1875,21.986,38.3891,194,47,241,64,,0,0,Low,NO_REORDER_POSITION_SUFFICIENT,,,Gross units demand; promo de-lifted; stockout days censored; MOQ from historical min PO; two supplier/container slots.,No purchase action
30/06/2026,BRA-0023,Category 2 Model 023,Category 2,Warehouse B,SUP-012,90,45.3105,33.0566,57.5645,194,47,241,64,,0,0,Low,NO_REORDER_POSITION_SUFFICIENT,,,Gross units demand; promo de-lifted; stockout days censored; MOQ from historical min PO; two supplier/container slots.,No purchase action
30/06/2026,BRA-0023,Category 2 Model 023,Category 2,Warehouse C,SUP-012,30,9.9921,7.2353,12.749,858,141,999,64,,0,0,Low,NO_REORDER_POSITION_SUFFICIENT,,,Gross units demand; promo de-lifted; stockout days censored; MOQ from historical min PO; two supplier/container slots.,No purchase action
30/06/2026,BRA-0023,Category 2 Model 023,Category 2,Warehouse C,SUP-012,60,19.9923,14.5607,25.424,858,141,999,64,,0,0,Low,NO_REORDER_POSITION_SUFFICIENT,,,Gross units demand; promo de-lifted; stockout days censored; MOQ from historical min PO; two supplier/container slots.,No purchase action
30/06/2026,BRA-0023,Category 2 Model 023,Category 2,Warehouse C,SUP-012,90,29.9233,21.8307,38.0159,858,141,999,64,,0,0,Low,NO_REORDER_POSITION_SUFFICIENT,,,Gross units demand; promo de-lifted; stockout days censored; MOQ from historical min PO; two supplier/container slots.,No purchase action
30/06/2026,BRA-0024,Category 4 Model 024,Category 4,Warehouse A,SUP-019,30,25.0241,18.1198,31.9283,304,0,304,105,,0,0,Low,NO_REORDER_POSITION_SUFFICIENT,,,Gross units demand; promo de-lifted; stockout days censored; MOQ from historical min PO; two supplier/container slots.,No purchase action
30/06/2026,BRA-0024,Category 4 Model 024,Category 4,Warehouse A,SUP-019,60,49.979,36.4004,63.5576,304,0,304,105,,0,0,Low,NO_REORDER_POSITION_SUFFICIENT,,,Gross units demand; promo de-lifted; stockout days censored; MOQ from historical min PO; two supplier/container slots.,No purchase action
30/06/2026,BRA-0024,Category 4 Model 024,Category 4,Warehouse A,SUP-019,90,74.963,54.6897,95.2362,304,0,304,105,,0,0,Low,NO_REORDER_POSITION_SUFFICIENT,,,Gross units demand; promo de-lifted; stockout days censored; MOQ from historical min PO; two supplier/container slots.,No purchase action
30/06/2026,BRA-0024,Category 4 Model 024,Category 4,Warehouse B,SUP-019,30,13.0456,9.4463,16.6449,607,49,656,105,,0,0,Low,NO_REORDER_POSITION_SUFFICIENT,,,Gross units demand; promo de-lifted; stockout days censored; MOQ from historical min PO; two supplier/container slots.,No purchase action
30/06/2026,BRA-0024,Category 4 Model 024,Category 4,Warehouse B,SUP-019,60,26.0578,18.9782,33.1373,607,49,656,105,,0,0,Low,NO_REORDER_POSITION_SUFFICIENT,,,Gross units demand; promo de-lifted; stockout days censored; MOQ from historical min PO; two supplier/container slots.,No purchase action
30/06/2026,BRA-0024,Category 4 Model 024,Category 4,Warehouse B,SUP-019,90,39.0988,28.5247,49.6728,607,49,656,105,,0,0,Low,NO_REORDER_POSITION_SUFFICIENT,,,Gross units demand; promo de-lifted; stockout days censored; MOQ from historical min PO; two supplier/container slots.,No purchase action
30/06/2026,BRA-0024,Category 4 Model 024,Category 4,Warehouse C,SUP-019,30,7.1941,5.2092,9.179,534,24,558,105,,0,0,Low,NO_REORDER_POSITION_SUFFICIENT,,,Gross units demand; promo de-lifted; stockout days censored; MOQ from historical min PO; two supplier/container slots.,No purchase action
30/06/2026,BRA-0024,Category 4 Model 024,Category 4,Warehouse C,SUP-019,60,14.3326,10.4386,18.2266,534,24,558,105,,0,0,Low,NO_REORDER_POSITION_SUFFICIENT,,,Gross units demand; promo de-lifted; stockout days censored; MOQ from historical min PO; two supplier/container slots.,No purchase action
30/06/2026,BRA-0024,Category 4 Model 024,Category 4,Warehouse C,SUP-019,90,21.4826,15.6728,27.2925,534,24,558,105,,0,0,Low,NO_REORDER_POSITION_SUFFICIENT,,,Gross units demand; promo de-lifted; stockout days censored; MOQ from historical min PO; two supplier/container slots.,No purchase action
30/06/2026,BRA-0025,Category 2 Model 025,Category 2,Warehouse A,SUP-001,30,29.3207,21.231,37.4104,156,0,156,51,,0,0,Low,NO_REORDER_POSITION_SUFFICIENT,,,Gross units demand; promo de-lifted; stockout days censored; MOQ from historical min PO; two supplier/container slots.,No purchase action
30/06/2026,BRA-0025,Category 2 Model 025,Category 2,Warehouse A,SUP-001,60,58.5874,42.67,74.5048,156,0,156,51,,0,0,Low,NO_REORDER_POSITION_SUFFICIENT,,,Gross units demand; promo de-lifted; stockout days censored; MOQ from historical min PO; two supplier/container slots.,No purchase action
30/06/2026,BRA-0025,Category 2 Model 025,Category 2,Warehouse A,SUP-001,90,87.7951,64.0514,111.5387,156,0,156,51,,0,0,Low,NO_REORDER_POSITION_SUFFICIENT,,,Gross units demand; promo de-lifted; stockout days censored; MOQ from historical min PO; two supplier/container slots.,No purchase action
30/06/2026,BRA-0025,Category 2 Model 025,Category 2,Warehouse B,SUP-001,30,16.663,12.0656,21.2604,267,43,310,51,,0,0,Low,NO_REORDER_POSITION_SUFFICIENT,,,Gross units demand; promo de-lifted; stockout days censored; MOQ from historical min PO; two supplier/container slots.,No purchase action
30/06/2026,BRA-0025,Category 2 Model 025,Category 2,Warehouse B,SUP-001,60,33.3344,24.2779,42.391,267,43,310,51,,0,0,Low,NO_REORDER_POSITION_SUFFICIENT,,,Gross units demand; promo de-lifted; stockout days censored; MOQ from historical min PO; two supplier/container slots.,No purchase action
30/06/2026,BRA-0025,Category 2 Model 025,Category 2,Warehouse B,SUP-001,90,49.9744,36.4591,63.4896,267,43,310,51,,0,0,Low,NO_REORDER_POSITION_SUFFICIENT,,,Gross units demand; promo de-lifted; stockout days censored; MOQ from historical min PO; two supplier/container slots.,No purchase action
30/06/2026,BRA-0025,Category 2 Model 025,Category 2,Warehouse C,SUP-001,30,9.2844,6.7228,11.846,537,234,771,51,,0,0,Low,NO_REORDER_POSITION_SUFFICIENT,,,Gross units demand; promo de-lifted; stockout days censored; MOQ from historical min PO; two supplier/container slots.,No purchase action
30/06/2026,BRA-0025,Category 2 Model 025,Category 2,Warehouse C,SUP-001,60,18.5703,13.525,23.6156,537,234,771,51,,0,0,Low,NO_REORDER_POSITION_SUFFICIENT,,,Gross units demand; promo de-lifted; stockout days censored; MOQ from historical min PO; two supplier/container slots.,No purchase action
30/06/2026,BRA-0025,Category 2 Model 025,Category 2,Warehouse C,SUP-001,90,27.8301,20.3036,35.3566,537,234,771,51,,0,0,Low,NO_REORDER_POSITION_SUFFICIENT,,,Gross units demand; promo de-lifted; stockout days censored; MOQ from historical min PO; two supplier/container slots.,No purchase action
30/06/2026,BRA-0026,Category 3 Model 026,Category 3,Warehouse A,SUP-008,30,3.0912,2.2383,3.9441,57,0,57,80,,0,0,Low,NO_REORDER_POSITION_SUFFICIENT,,,Gross units demand; promo de-lifted; stockout days censored; MOQ from historical min PO; two supplier/container slots.,No purchase action
30/06/2026,BRA-0026,Category 3 Model 026,Category 3,Warehouse A,SUP-008,60,6.1513,4.48,7.8225,57,0,57,80,,0,0,Low,NO_REORDER_POSITION_SUFFICIENT,,,Gross units demand; promo de-lifted; stockout days censored; MOQ from historical min PO; two supplier/container slots.,No purchase action
30/06/2026,BRA-0026,Category 3 Model 026,Category 3,Warehouse A,SUP-008,90,9.1998,6.7118,11.6878,57,0,57,80,,0,0,Low,NO_REORDER_POSITION_SUFFICIENT,,,Gross units demand; promo de-lifted; stockout days censored; MOQ from historical min PO; two supplier/container slots.,No purchase action
30/06/2026,BRA-0026,Category 3 Model 026,Category 3,Warehouse B,SUP-008,30,1.16,0.8399,1.48,88,0,88,80,,0,0,Low,NO_REORDER_POSITION_SUFFICIENT,,,Gross units demand; promo de-lifted; stockout days censored; MOQ from historical min PO; two supplier/container slots.,No purchase action
30/06/2026,BRA-0026,Category 3 Model 026,Category 3,Warehouse B,SUP-008,60,2.3019,1.6765,2.9273,88,0,88,80,,0,0,Low,NO_REORDER_POSITION_SUFFICIENT,,,Gross units demand; promo de-lifted; stockout days censored; MOQ from historical min PO; two supplier/container slots.,No purchase action
30/06/2026,BRA-0026,Category 3 Model 026,Category 3,Warehouse B,SUP-008,90,3.4439,2.5125,4.3753,88,0,88,80,,0,0,Low,NO_REORDER_POSITION_SUFFICIENT,,,Gross units demand; promo de-lifted; stockout days censored; MOQ from historical min PO; two supplier/container slots.,No purchase action
30/06/2026,BRA-0026,Category 3 Model 026,Category 3,Warehouse C,SUP-008,30,1.6833,1.2188,2.1477,30,0,30,80,,0,0,Low,NO_REORDER_POSITION_SUFFICIENT,,,Gross units demand; promo de-lifted; stockout days censored; MOQ from historical min PO; two supplier/container slots.,No purchase action
30/06/2026,BRA-0026,Category 3 Model 026,Category 3,Warehouse C,SUP-008,60,3.3603,2.4473,4.2732,30,0,30,80,,0,0,Low,NO_REORDER_POSITION_SUFFICIENT,,,Gross units demand; promo de-lifted; stockout days censored; MOQ from historical min PO; two supplier/container slots.,No purchase action
30/06/2026,BRA-0026,Category 3 Model 026,Category 3,Warehouse C,SUP-008,90,5.0373,3.675,6.3996,30,0,30,80,,0,0,Low,NO_REORDER_POSITION_SUFFICIENT,,,Gross units demand; promo de-lifted; stockout days censored; MOQ from historical min PO; two supplier/container slots.,No purchase action
30/06/2026,BRA-0027,Category 3 Model 027,Category 3,Warehouse A,SUP-015,30,35.5887,25.7696,45.4077,12,360,372,45.5,,0,0,Low,NO_REORDER_POSITION_SUFFICIENT,,,Gross units demand; promo de-lifted; stockout days censored; MOQ from historical min PO; two supplier/container slots.,No purchase action
30/06/2026,BRA-0027,Category 3 Model 027,Category 3,Warehouse A,SUP-015,60,71.1549,51.8231,90.4868,12,360,372,45.5,,0,0,Low,NO_REORDER_POSITION_SUFFICIENT,,,Gross units demand; promo de-lifted; stockout days censored; MOQ from historical min PO; two supplier/container slots.,No purchase action
30/06/2026,BRA-0027,Category 3 Model 027,Category 3,Warehouse A,SUP-015,90,106.7039,77.8465,135.5613,12,360,372,45.5,,0,0,Low,NO_REORDER_POSITION_SUFFICIENT,,,Gross units demand; promo de-lifted; stockout days censored; MOQ from historical min PO; two supplier/container slots.,No purchase action
30/06/2026,BRA-0027,Category 3 Model 027,Category 3,Warehouse B,SUP-015,30,17.5162,12.6834,22.3489,83,0,83,45.5,,0,0,Low,NO_REORDER_POSITION_SUFFICIENT,,,Gross units demand; promo de-lifted; stockout days censored; MOQ from historical min PO; two supplier/container slots.,No purchase action
30/06/2026,BRA-0027,Category 3 Model 027,Category 3,Warehouse B,SUP-015,60,35.0568,25.5323,44.5812,83,0,83,45.5,,0,0,Low,NO_REORDER_POSITION_SUFFICIENT,,,Gross units demand; promo de-lifted; stockout days censored; MOQ from historical min PO; two supplier/container slots.,No purchase action
30/06/2026,BRA-0027,Category 3 Model 027,Category 3,Warehouse B,SUP-015,90,52.557,38.3433,66.7707,83,0,83,45.5,,0,0,Low,NO_REORDER_POSITION_SUFFICIENT,,,Gross units demand; promo de-lifted; stockout days censored; MOQ from historical min PO; two supplier/container slots.,No purchase action
30/06/2026,BRA-0027,Category 3 Model 027,Category 3,Warehouse C,SUP-015,30,6.8977,4.9946,8.8008,49,0,49,45.5,,0,0,Low,NO_REORDER_POSITION_SUFFICIENT,,,Gross units demand; promo de-lifted; stockout days censored; MOQ from historical min PO; two supplier/container slots.,No purchase action
30/06/2026,BRA-0027,Category 3 Model 027,Category 3,Warehouse C,SUP-015,60,13.752,10.0158,17.4882,49,0,49,45.5,,0,0,Low,NO_REORDER_POSITION_SUFFICIENT,,,Gross units demand; promo de-lifted; stockout days censored; MOQ from historical min PO; two supplier/container slots.,No purchase action
30/06/2026,BRA-0027,Category 3 Model 027,Category 3,Warehouse C,SUP-015,90,20.6467,15.0629,26.2305,49,0,49,45.5,,0,0,Low,NO_REORDER_POSITION_SUFFICIENT,,,Gross units demand; promo de-lifted; stockout days censored; MOQ from historical min PO; two supplier/container slots.,No purchase action
30/06/2026,BRA-0028,Category 3 Model 028,Category 3,Warehouse A,SUP-022,30,22.5662,16.3401,28.7923,88,0,88,70.75,,0,0,Low,NO_REORDER_POSITION_SUFFICIENT,,,Gross units demand; promo de-lifted; stockout days censored; MOQ from historical min PO; two supplier/container slots.,No purchase action
30/06/2026,BRA-0028,Category 3 Model 028,Category 3,Warehouse A,SUP-022,60,45.064,32.8207,57.3073,88,0,88,70.75,,0,0,Low,NO_REORDER_POSITION_SUFFICIENT,,,Gross units demand; promo de-lifted; stockout days censored; MOQ from historical min PO; two supplier/container slots.,No purchase action
30/06/2026,BRA-0028,Category 3 Model 028,Category 3,Warehouse A,SUP-022,90,67.5157,49.2565,85.775,88,0,88,70.75,,0,0,Low,NO_REORDER_POSITION_SUFFICIENT,,,Gross units demand; promo de-lifted; stockout days censored; MOQ from historical min PO; two supplier/container slots.,No purchase action
30/06/2026,BRA-0028,Category 3 Model 028,Category 3,Warehouse B,SUP-022,30,8.8335,6.3963,11.2707,675,24,699,70.75,,0,0,Low,NO_REORDER_POSITION_SUFFICIENT,,,Gross units demand; promo de-lifted; stockout days censored; MOQ from historical min PO; two supplier/container slots.,No purchase action
30/06/2026,BRA-0028,Category 3 Model 028,Category 3,Warehouse B,SUP-022,60,17.6798,12.8765,22.4832,675,24,699,70.75,,0,0,Low,NO_REORDER_POSITION_SUFFICIENT,,,Gross units demand; promo de-lifted; stockout days censored; MOQ from historical min PO; two supplier/container slots.,No purchase action
30/06/2026,BRA-0028,Category 3 Model 028,Category 3,Warehouse B,SUP-022,90,26.5032,19.3355,33.6708,675,24,699,70.75,,0,0,Low,NO_REORDER_POSITION_SUFFICIENT,,,Gross units demand; promo de-lifted; stockout days censored; MOQ from historical min PO; two supplier/container slots.,No purchase action
30/06/2026,BRA-0028,Category 3 Model 028,Category 3,Warehouse C,SUP-022,30,7.6811,5.5619,9.8004,137,888,1025,70.75,,0,0,Low,NO_REORDER_POSITION_SUFFICIENT,,,Gross units demand; promo de-lifted; stockout days censored; MOQ from historical min PO; two supplier/container slots.,No purchase action
30/06/2026,BRA-0028,Category 3 Model 028,Category 3,Warehouse C,SUP-022,60,15.3419,11.1737,19.5101,137,888,1025,70.75,,0,0,Low,NO_REORDER_POSITION_SUFFICIENT,,,Gross units demand; promo de-lifted; stockout days censored; MOQ from historical min PO; two supplier/container slots.,No purchase action
30/06/2026,BRA-0028,Category 3 Model 028,Category 3,Warehouse C,SUP-022,90,22.997,16.7776,29.2164,137,888,1025,70.75,,0,0,Low,NO_REORDER_POSITION_SUFFICIENT,,,Gross units demand; promo de-lifted; stockout days censored; MOQ from historical min PO; two supplier/container slots.,No purchase action
30/06/2026,BRA-0029,Category 3 Model 029,Category 3,Warehouse A,SUP-004,30,7.8995,5.72,10.0791,609,0,609,94,,0,0,Low,NO_REORDER_POSITION_SUFFICIENT,,,Gross units demand; promo de-lifted; stockout days censored; MOQ from historical min PO; two supplier/container slots.,No purchase action
30/06/2026,BRA-0029,Category 3 Model 029,Category 3,Warehouse A,SUP-004,60,15.8028,11.5094,20.0962,609,0,609,94,,0,0,Low,NO_REORDER_POSITION_SUFFICIENT,,,Gross units demand; promo de-lifted; stockout days censored; MOQ from historical min PO; two supplier/container slots.,No purchase action
30/06/2026,BRA-0029,Category 3 Model 029,Category 3,Warehouse A,SUP-004,90,23.7422,17.3213,30.1632,609,0,609,94,,0,0,Low,NO_REORDER_POSITION_SUFFICIENT,,,Gross units demand; promo de-lifted; stockout days censored; MOQ from historical min PO; two supplier/container slots.,No purchase action
30/06/2026,BRA-0029,Category 3 Model 029,Category 3,Warehouse B,SUP-004,30,6.2214,4.5049,7.9379,354,0,354,94,,0,0,Low,NO_REORDER_POSITION_SUFFICIENT,,,Gross units demand; promo de-lifted; stockout days censored; MOQ from historical min PO; two supplier/container slots.,No purchase action
30/06/2026,BRA-0029,Category 3 Model 029,Category 3,Warehouse B,SUP-004,60,12.4591,9.0742,15.8441,354,0,354,94,,0,0,Low,NO_REORDER_POSITION_SUFFICIENT,,,Gross units demand; promo de-lifted; stockout days censored; MOQ from historical min PO; two supplier/container slots.,No purchase action
30/06/2026,BRA-0029,Category 3 Model 029,Category 3,Warehouse B,SUP-004,90,18.7267,13.6621,23.7912,354,0,354,94,,0,0,Low,NO_REORDER_POSITION_SUFFICIENT,,,Gross units demand; promo de-lifted; stockout days censored; MOQ from historical min PO; two supplier/container slots.,No purchase action
30/06/2026,BRA-0029,Category 3 Model 029,Category 3,Warehouse C,SUP-004,30,4.1388,2.9969,5.2807,10,348,358,94,,0,0,Low,NO_REORDER_POSITION_SUFFICIENT,,,Gross units demand; promo de-lifted; stockout days censored; MOQ from historical min PO; two supplier/container slots.,No purchase action
30/06/2026,BRA-0029,Category 3 Model 029,Category 3,Warehouse C,SUP-004,60,8.2638,6.0186,10.509,10,348,358,94,,0,0,Low,NO_REORDER_POSITION_SUFFICIENT,,,Gross units demand; promo de-lifted; stockout days censored; MOQ from historical min PO; two supplier/container slots.,No purchase action
30/06/2026,BRA-0029,Category 3 Model 029,Category 3,Warehouse C,SUP-004,90,12.3657,9.0215,15.7099,10,348,358,94,,0,0,Low,NO_REORDER_POSITION_SUFFICIENT,,,Gross units demand; promo de-lifted; stockout days censored; MOQ from historical min PO; two supplier/container slots.,No purchase action
30/06/2026,BRA-0030,Category 2 Model 030,Category 2,Warehouse A,SUP-011,30,12.9999,9.4132,16.5867,33,33,66,55.75,,0,0,Low,NO_REORDER_POSITION_SUFFICIENT,,,Gross units demand; promo de-lifted; stockout days censored; MOQ from historical min PO; two supplier/container slots.,No purchase action
30/06/2026,BRA-0030,Category 2 Model 030,Category 2,Warehouse A,SUP-011,60,25.9579,18.9055,33.0103,33,33,66,55.75,,0,0,Low,NO_REORDER_POSITION_SUFFICIENT,,,Gross units demand; promo de-lifted; stockout days censored; MOQ from historical min PO; two supplier/container slots.,No purchase action
30/06/2026,BRA-0030,Category 2 Model 030,Category 2,Warehouse A,SUP-011,90,38.9273,28.3997,49.455,33,33,66,55.75,,0,0,Low,NO_REORDER_POSITION_SUFFICIENT,,,Gross units demand; promo de-lifted; stockout days censored; MOQ from historical min PO; two supplier/container slots.,No purchase action
30/06/2026,BRA-0030,Category 2 Model 030,Category 2,Warehouse B,SUP-011,30,11.6119,8.4081,14.8156,335,0,335,55.75,,0,0,Low,NO_REORDER_POSITION_SUFFICIENT,,,Gross units demand; promo de-lifted; stockout days censored; MOQ from historical min PO; two supplier/container slots.,No purchase action
30/06/2026,BRA-0030,Category 2 Model 030,Category 2,Warehouse B,SUP-011,60,23.2133,16.9065,29.52,335,0,335,55.75,,0,0,Low,NO_REORDER_POSITION_SUFFICIENT,,,Gross units demand; promo de-lifted; stockout days censored; MOQ from historical min PO; two supplier/container slots.,No purchase action
30/06/2026,BRA-0030,Category 2 Model 030,Category 2,Warehouse B,SUP-011,90,34.7862,25.3784,44.1939,335,0,335,55.75,,0,0,Low,NO_REORDER_POSITION_SUFFICIENT,,,Gross units demand; promo de-lifted; stockout days censored; MOQ from historical min PO; two supplier/container slots.,No purchase action
30/06/2026,BRA-0030,Category 2 Model 030,Category 2,Warehouse C,SUP-011,30,6.3091,4.5684,8.0498,22,0,22,55.75,,0,0,Low,NO_REORDER_POSITION_SUFFICIENT,,,Gross units demand; promo de-lifted; stockout days censored; MOQ from historical min PO; two supplier/container slots.,No purchase action
30/06/2026,BRA-0030,Category 2 Model 030,Category 2,Warehouse C,SUP-011,60,12.6219,9.1927,16.0511,22,0,22,55.75,,0,0,Low,NO_REORDER_POSITION_SUFFICIENT,,,Gross units demand; promo de-lifted; stockout days censored; MOQ from historical min PO; two supplier/container slots.,No purchase action
30/06/2026,BRA-0030,Category 2 Model 030,Category 2,Warehouse C,SUP-011,90,18.9116,13.7971,24.0261,22,0,22,55.75,,0,0,Low,NO_REORDER_POSITION_SUFFICIENT,,,Gross units demand; promo de-lifted; stockout days censored; MOQ from historical min PO; two supplier/container slots.,No purchase action
30/06/2026,BRA-0031,Category 2 Model 031,Category 2,Warehouse A,SUP-018,30,14.1811,10.2685,18.0937,767,0,767,85.75,,0,0,Low,NO_REORDER_POSITION_SUFFICIENT,,,Gross units demand; promo de-lifted; stockout days censored; MOQ from historical min PO; two supplier/container slots.,No purchase action
30/06/2026,BRA-0031,Category 2 Model 031,Category 2,Warehouse A,SUP-018,60,28.3276,20.6314,36.0239,767,0,767,85.75,,0,0,Low,NO_REORDER_POSITION_SUFFICIENT,,,Gross units demand; promo de-lifted; stockout days censored; MOQ from historical min PO; two supplier/container slots.,No purchase action
30/06/2026,BRA-0031,Category 2 Model 031,Category 2,Warehouse A,SUP-018,90,42.4783,30.9903,53.9663,767,0,767,85.75,,0,0,Low,NO_REORDER_POSITION_SUFFICIENT,,,Gross units demand; promo de-lifted; stockout days censored; MOQ from historical min PO; two supplier/container slots.,No purchase action
30/06/2026,BRA-0031,Category 2 Model 031,Category 2,Warehouse B,SUP-018,30,10.7853,7.8096,13.761,162,0,162,85.75,,0,0,Low,NO_REORDER_POSITION_SUFFICIENT,,,Gross units demand; promo de-lifted; stockout days censored; MOQ from historical min PO; two supplier/container slots.,No purchase action
30/06/2026,BRA-0031,Category 2 Model 031,Category 2,Warehouse B,SUP-018,60,21.5552,15.699,27.4115,162,0,162,85.75,,0,0,Low,NO_REORDER_POSITION_SUFFICIENT,,,Gross units demand; promo de-lifted; stockout days censored; MOQ from historical min PO; two supplier/container slots.,No purchase action
30/06/2026,BRA-0031,Category 2 Model 031,Category 2,Warehouse B,SUP-018,90,32.3287,23.5856,41.0718,162,0,162,85.75,,0,0,Low,NO_REORDER_POSITION_SUFFICIENT,,,Gross units demand; promo de-lifted; stockout days censored; MOQ from historical min PO; two supplier/container slots.,No purchase action
30/06/2026,BRA-0031,Category 2 Model 031,Category 2,Warehouse C,SUP-018,30,4.7757,3.4581,6.0933,43,0,43,85.75,,0,0,Low,NO_REORDER_POSITION_SUFFICIENT,,,Gross units demand; promo de-lifted; stockout days censored; MOQ from historical min PO; two supplier/container slots.,No purchase action
30/06/2026,BRA-0031,Category 2 Model 031,Category 2,Warehouse C,SUP-018,60,9.5465,6.9529,12.1402,43,0,43,85.75,,0,0,Low,NO_REORDER_POSITION_SUFFICIENT,,,Gross units demand; promo de-lifted; stockout days censored; MOQ from historical min PO; two supplier/container slots.,No purchase action
30/06/2026,BRA-0031,Category 2 Model 031,Category 2,Warehouse C,SUP-018,90,14.3059,10.4369,18.1748,43,0,43,85.75,,0,0,Low,NO_REORDER_POSITION_SUFFICIENT,,,Gross units demand; promo de-lifted; stockout days censored; MOQ from historical min PO; two supplier/container slots.,No purchase action
30/06/2026,BRA-0032,Category 1 Model 032,Category 1,Warehouse A,SUP-025,30,23.3986,16.9428,29.8544,206,0,206,35,,0,0,Low,NO_REORDER_POSITION_SUFFICIENT,,,Gross units demand; promo de-lifted; stockout days censored; MOQ from historical min PO; two supplier/container slots.,No purchase action
30/06/2026,BRA-0032,Category 1 Model 032,Category 1,Warehouse A,SUP-025,60,46.7793,34.07,59.4886,206,0,206,35,,0,0,Low,NO_REORDER_POSITION_SUFFICIENT,,,Gross units demand; promo de-lifted; stockout days censored; MOQ from historical min PO; two supplier/container slots.,No purchase action
30/06/2026,BRA-0032,Category 1 Model 032,Category 1,Warehouse A,SUP-025,90,70.148,51.1769,89.1191,206,0,206,35,,0,0,Low,NO_REORDER_POSITION_SUFFICIENT,,,Gross units demand; promo de-lifted; stockout days censored; MOQ from historical min PO; two supplier/container slots.,No purchase action
30/06/2026,BRA-0032,Category 1 Model 032,Category 1,Warehouse B,SUP-025,30,12.7066,9.2008,16.2124,100,0,100,35,,0,0,Low,NO_REORDER_POSITION_SUFFICIENT,,,Gross units demand; promo de-lifted; stockout days censored; MOQ from historical min PO; two supplier/container slots.,No purchase action
30/06/2026,BRA-0032,Category 1 Model 032,Category 1,Warehouse B,SUP-025,60,25.3917,18.4931,32.2903,100,0,100,35,,0,0,Low,NO_REORDER_POSITION_SUFFICIENT,,,Gross units demand; promo de-lifted; stockout days censored; MOQ from historical min PO; two supplier/container slots.,No purchase action
30/06/2026,BRA-0032,Category 1 Model 032,Category 1,Warehouse B,SUP-025,90,38.0883,27.7876,48.3891,100,0,100,35,,0,0,Low,NO_REORDER_POSITION_SUFFICIENT,,,Gross units demand; promo de-lifted; stockout days censored; MOQ from historical min PO; two supplier/container slots.,No purchase action
30/06/2026,BRA-0032,Category 1 Model 032,Category 1,Warehouse C,SUP-025,30,6.8291,4.9449,8.7133,30,0,30,35,,0,0,Low,NO_REORDER_POSITION_SUFFICIENT,,,Gross units demand; promo de-lifted; stockout days censored; MOQ from historical min PO; two supplier/container slots.,No purchase action
30/06/2026,BRA-0032,Category 1 Model 032,Category 1,Warehouse C,SUP-025,60,13.674,9.9589,17.389,30,0,30,35,,0,0,Low,NO_REORDER_POSITION_SUFFICIENT,,,Gross units demand; promo de-lifted; stockout days censored; MOQ from historical min PO; two supplier/container slots.,No purchase action
30/06/2026,BRA-0032,Category 1 Model 032,Category 1,Warehouse C,SUP-025,90,20.5476,14.9907,26.1046,30,0,30,35,,0,0,Low,NO_REORDER_POSITION_SUFFICIENT,,,Gross units demand; promo de-lifted; stockout days censored; MOQ from historical min PO; two supplier/container slots.,No purchase action
30/06/2026,BRA-0033,Category 2 Model 033,Category 2,Warehouse A,SUP-007,30,9.1593,6.6322,11.6863,470,6,476,75,,0,0,Low,NO_REORDER_POSITION_SUFFICIENT,,,Gross units demand; promo de-lifted; stockout days censored; MOQ from historical min PO; two supplier/container slots.,No purchase action
30/06/2026,BRA-0033,Category 2 Model 033,Category 2,Warehouse A,SUP-007,60,18.3439,13.3601,23.3277,470,6,476,75,,0,0,Low,NO_REORDER_POSITION_SUFFICIENT,,,Gross units demand; promo de-lifted; stockout days censored; MOQ from historical min PO; two supplier/container slots.,No purchase action
30/06/2026,BRA-0033,Category 2 Model 033,Category 2,Warehouse A,SUP-007,90,27.5147,20.0735,34.9558,470,6,476,75,,0,0,Low,NO_REORDER_POSITION_SUFFICIENT,,,Gross units demand; promo de-lifted; stockout days censored; MOQ from historical min PO; two supplier/container slots.,No purchase action
30/06/2026,BRA-0033,Category 2 Model 033,Category 2,Warehouse B,SUP-007,30,3.0282,2.1927,3.8637,193,0,193,75,,0,0,Low,NO_REORDER_POSITION_SUFFICIENT,,,Gross units demand; promo de-lifted; stockout days censored; MOQ from historical min PO; two supplier/container slots.,No purchase action
30/06/2026,BRA-0033,Category 2 Model 033,Category 2,Warehouse B,SUP-007,60,6.0678,4.4193,7.7163,193,0,193,75,,0,0,Low,NO_REORDER_POSITION_SUFFICIENT,,,Gross units demand; promo de-lifted; stockout days censored; MOQ from historical min PO; two supplier/container slots.,No purchase action
30/06/2026,BRA-0033,Category 2 Model 033,Category 2,Warehouse B,SUP-007,90,9.0891,6.631,11.5472,193,0,193,75,,0,0,Low,NO_REORDER_POSITION_SUFFICIENT,,,Gross units demand; promo de-lifted; stockout days censored; MOQ from historical min PO; two supplier/container slots.,No purchase action
30/06/2026,BRA-0033,Category 2 Model 033,Category 2,Warehouse C,SUP-007,30,2.2217,1.6087,2.8347,98,0,98,75,,0,0,Low,NO_REORDER_POSITION_SUFFICIENT,,,Gross units demand; promo de-lifted; stockout days censored; MOQ from historical min PO; two supplier/container slots.,No purchase action
30/06/2026,BRA-0033,Category 2 Model 033,Category 2,Warehouse C,SUP-007,60,4.4661,3.2527,5.6794,98,0,98,75,,0,0,Low,NO_REORDER_POSITION_SUFFICIENT,,,Gross units demand; promo de-lifted; stockout days censored; MOQ from historical min PO; two supplier/container slots.,No purchase action
30/06/2026,BRA-0033,Category 2 Model 033,Category 2,Warehouse C,SUP-007,90,6.6989,4.8872,8.5105,98,0,98,75,,0,0,Low,NO_REORDER_POSITION_SUFFICIENT,,,Gross units demand; promo de-lifted; stockout days censored; MOQ from historical min PO; two supplier/container slots.,No purchase action
30/06/2026,BRA-0034,Category 4 Model 034,Category 4,Warehouse A,SUP-014,30,18.9492,13.721,24.1773,864,28,892,102,,0,0,Low,NO_REORDER_POSITION_SUFFICIENT,,,Gross units demand; promo de-lifted; stockout days censored; MOQ from historical min PO; two supplier/container slots.,No purchase action
30/06/2026,BRA-0034,Category 4 Model 034,Category 4,Warehouse A,SUP-014,60,37.8965,27.6005,48.1924,864,28,892,102,,0,0,Low,NO_REORDER_POSITION_SUFFICIENT,,,Gross units demand; promo de-lifted; stockout days censored; MOQ from historical min PO; two supplier/container slots.,No purchase action
30/06/2026,BRA-0034,Category 4 Model 034,Category 4,Warehouse A,SUP-014,90,56.8669,41.4876,72.2462,864,28,892,102,,0,0,Low,NO_REORDER_POSITION_SUFFICIENT,,,Gross units demand; promo de-lifted; stockout days censored; MOQ from historical min PO; two supplier/container slots.,No purchase action
30/06/2026,BRA-0034,Category 4 Model 034,Category 4,Warehouse B,SUP-014,30,10.9804,7.9509,14.01,458,36,494,102,,0,0,Low,NO_REORDER_POSITION_SUFFICIENT,,,Gross units demand; promo de-lifted; stockout days censored; MOQ from historical min PO; two supplier/container slots.,No purchase action
30/06/2026,BRA-0034,Category 4 Model 034,Category 4,Warehouse B,SUP-014,60,21.9109,15.958,27.8637,458,36,494,102,,0,0,Low,NO_REORDER_POSITION_SUFFICIENT,,,Gross units demand; promo de-lifted; stockout days censored; MOQ from historical min PO; two supplier/container slots.,No purchase action
30/06/2026,BRA-0034,Category 4 Model 034,Category 4,Warehouse B,SUP-014,90,32.8388,23.9577,41.7198,458,36,494,102,,0,0,Low,NO_REORDER_POSITION_SUFFICIENT,,,Gross units demand; promo de-lifted; stockout days censored; MOQ from historical min PO; two supplier/container slots.,No purchase action
30/06/2026,BRA-0034,Category 4 Model 034,Category 4,Warehouse C,SUP-014,30,7.7766,5.631,9.9222,8,456,464,102,,0,0,Low,NO_REORDER_POSITION_SUFFICIENT,,,Gross units demand; promo de-lifted; stockout days censored; MOQ from historical min PO; two supplier/container slots.,No purchase action
30/06/2026,BRA-0034,Category 4 Model 034,Category 4,Warehouse C,SUP-014,60,15.5684,11.3387,19.7981,8,456,464,102,,0,0,Low,NO_REORDER_POSITION_SUFFICIENT,,,Gross units demand; promo de-lifted; stockout days censored; MOQ from historical min PO; two supplier/container slots.,No purchase action
30/06/2026,BRA-0034,Category 4 Model 034,Category 4,Warehouse C,SUP-014,90,23.3602,17.0426,29.6779,8,456,464,102,,0,0,Low,NO_REORDER_POSITION_SUFFICIENT,,,Gross units demand; promo de-lifted; stockout days censored; MOQ from historical min PO; two supplier/container slots.,No purchase action
30/06/2026,BRA-0035,Category 1 Model 035,Category 1,Warehouse A,SUP-021,30,12.948,9.3756,16.5204,111,25,136,50,,0,0,Low,NO_REORDER_POSITION_SUFFICIENT,,,Gross units demand; promo de-lifted; stockout days censored; MOQ from historical min PO; two supplier/container slots.,No purchase action
30/06/2026,BRA-0035,Category 1 Model 035,Category 1,Warehouse A,SUP-021,60,25.8683,18.8402,32.8963,111,25,136,50,,0,0,Low,NO_REORDER_POSITION_SUFFICIENT,,,Gross units demand; promo de-lifted; stockout days censored; MOQ from historical min PO; two supplier/container slots.,No purchase action
30/06/2026,BRA-0035,Category 1 Model 035,Category 1,Warehouse A,SUP-021,90,38.8001,28.3069,49.2934,111,25,136,50,,0,0,Low,NO_REORDER_POSITION_SUFFICIENT,,,Gross units demand; promo de-lifted; stockout days censored; MOQ from historical min PO; two supplier/container slots.,No purchase action
30/06/2026,BRA-0035,Category 1 Model 035,Category 1,Warehouse B,SUP-021,30,3.6958,2.6761,4.7155,222,26,248,50,,0,0,Low,NO_REORDER_POSITION_SUFFICIENT,,,Gross units demand; promo de-lifted; stockout days censored; MOQ from historical min PO; two supplier/container slots.,No purchase action
30/06/2026,BRA-0035,Category 1 Model 035,Category 1,Warehouse B,SUP-021,60,7.402,5.3909,9.413,222,26,248,50,,0,0,Low,NO_REORDER_POSITION_SUFFICIENT,,,Gross units demand; promo de-lifted; stockout days censored; MOQ from historical min PO; two supplier/container slots.,No purchase action
30/06/2026,BRA-0035,Category 1 Model 035,Category 1,Warehouse B,SUP-021,90,11.1139,8.1082,14.1196,222,26,248,50,,0,0,Low,NO_REORDER_POSITION_SUFFICIENT,,,Gross units demand; promo de-lifted; stockout days censored; MOQ from historical min PO; two supplier/container slots.,No purchase action
30/06/2026,BRA-0035,Category 1 Model 035,Category 1,Warehouse C,SUP-021,30,2.5507,1.8469,3.2544,31,0,31,50,,0,0,Low,NO_REORDER_POSITION_SUFFICIENT,,,Gross units demand; promo de-lifted; stockout days censored; MOQ from historical min PO; two supplier/container slots.,No purchase action
30/06/2026,BRA-0035,Category 1 Model 035,Category 1,Warehouse C,SUP-021,60,5.0942,3.7102,6.4783,31,0,31,50,,0,0,Low,NO_REORDER_POSITION_SUFFICIENT,,,Gross units demand; promo de-lifted; stockout days censored; MOQ from historical min PO; two supplier/container slots.,No purchase action
30/06/2026,BRA-0035,Category 1 Model 035,Category 1,Warehouse C,SUP-021,90,7.6435,5.5764,9.7107,31,0,31,50,,0,0,Low,NO_REORDER_POSITION_SUFFICIENT,,,Gross units demand; promo de-lifted; stockout days censored; MOQ from historical min PO; two supplier/container slots.,No purchase action
30/06/2026,BRA-0036,Category 4 Model 036,Category 4,Warehouse A,SUP-003,30,28.9679,20.9755,36.9602,636,47,683,87.5,,0,0,Low,NO_REORDER_POSITION_SUFFICIENT,,,Gross units demand; promo de-lifted; stockout days censored; MOQ from historical min PO; two supplier/container slots.,No purchase action
30/06/2026,BRA-0036,Category 4 Model 036,Category 4,Warehouse A,SUP-003,60,57.9034,42.1718,73.635,636,47,683,87.5,,0,0,Low,NO_REORDER_POSITION_SUFFICIENT,,,Gross units demand; promo de-lifted; stockout days censored; MOQ from historical min PO; two supplier/container slots.,No purchase action
30/06/2026,BRA-0036,Category 4 Model 036,Category 4,Warehouse A,SUP-003,90,86.8101,63.3328,110.2874,636,47,683,87.5,,0,0,Low,NO_REORDER_POSITION_SUFFICIENT,,,Gross units demand; promo de-lifted; stockout days censored; MOQ from historical min PO; two supplier/container slots.,No purchase action
30/06/2026,BRA-0036,Category 4 Model 036,Category 4,Warehouse B,SUP-003,30,13.988,10.1287,17.8474,415,0,415,87.5,,0,0,Low,NO_REORDER_POSITION_SUFFICIENT,,,Gross units demand; promo de-lifted; stockout days censored; MOQ from historical min PO; two supplier/container slots.,No purchase action
30/06/2026,BRA-0036,Category 4 Model 036,Category 4,Warehouse B,SUP-003,60,27.9071,20.3251,35.4891,415,0,415,87.5,,0,0,Low,NO_REORDER_POSITION_SUFFICIENT,,,Gross units demand; promo de-lifted; stockout days censored; MOQ from historical min PO; two supplier/container slots.,No purchase action
30/06/2026,BRA-0036,Category 4 Model 036,Category 4,Warehouse B,SUP-003,90,41.8665,30.544,53.189,415,0,415,87.5,,0,0,Low,NO_REORDER_POSITION_SUFFICIENT,,,Gross units demand; promo de-lifted; stockout days censored; MOQ from historical min PO; two supplier/container slots.,No purchase action
30/06/2026,BRA-0036,Category 4 Model 036,Category 4,Warehouse C,SUP-003,30,7.4957,5.4276,9.5638,40,0,40,87.5,,0,0,Low,NO_REORDER_POSITION_SUFFICIENT,,,Gross units demand; promo de-lifted; stockout days censored; MOQ from historical min PO; two supplier/container slots.,No purchase action
30/06/2026,BRA-0036,Category 4 Model 036,Category 4,Warehouse C,SUP-003,60,14.9652,10.8993,19.031,40,0,40,87.5,,0,0,Low,NO_REORDER_POSITION_SUFFICIENT,,,Gross units demand; promo de-lifted; stockout days censored; MOQ from historical min PO; two supplier/container slots.,No purchase action
30/06/2026,BRA-0036,Category 4 Model 036,Category 4,Warehouse C,SUP-003,90,22.4173,16.3547,28.4799,40,0,40,87.5,,0,0,Low,NO_REORDER_POSITION_SUFFICIENT,,,Gross units demand; promo de-lifted; stockout days censored; MOQ from historical min PO; two supplier/container slots.,No purchase action
30/06/2026,BRA-0038,Category 3 Model 038,Category 3,Warehouse A,SUP-017,30,20.4693,14.8218,26.1169,508,0,508,63.75,,0,0,Low,NO_REORDER_POSITION_SUFFICIENT,,,Gross units demand; promo de-lifted; stockout days censored; MOQ from historical min PO; two supplier/container slots.,No purchase action
30/06/2026,BRA-0038,Category 3 Model 038,Category 3,Warehouse A,SUP-017,60,40.9523,29.8261,52.0785,508,0,508,63.75,,0,0,Low,NO_REORDER_POSITION_SUFFICIENT,,,Gross units demand; promo de-lifted; stockout days censored; MOQ from historical min PO; two supplier/container slots.,No purchase action
30/06/2026,BRA-0038,Category 3 Model 038,Category 3,Warehouse A,SUP-017,90,61.3624,44.7673,77.9574,508,0,508,63.75,,0,0,Low,NO_REORDER_POSITION_SUFFICIENT,,,Gross units demand; promo de-lifted; stockout days censored; MOQ from historical min PO; two supplier/container slots.,No purchase action
30/06/2026,BRA-0038,Category 3 Model 038,Category 3,Warehouse B,SUP-017,30,10.5099,7.6102,13.4097,960,0,960,63.75,,0,0,Low,NO_REORDER_POSITION_SUFFICIENT,,,Gross units demand; promo de-lifted; stockout days censored; MOQ from historical min PO; two supplier/container slots.,No purchase action
30/06/2026,BRA-0038,Category 3 Model 038,Category 3,Warehouse B,SUP-017,60,21.0243,15.3123,26.7363,960,0,960,63.75,,0,0,Low,NO_REORDER_POSITION_SUFFICIENT,,,Gross units demand; promo de-lifted; stockout days censored; MOQ from historical min PO; two supplier/container slots.,No purchase action
30/06/2026,BRA-0038,Category 3 Model 038,Category 3,Warehouse B,SUP-017,90,31.5674,23.0302,40.1047,960,0,960,63.75,,0,0,Low,NO_REORDER_POSITION_SUFFICIENT,,,Gross units demand; promo de-lifted; stockout days censored; MOQ from historical min PO; two supplier/container slots.,No purchase action
30/06/2026,BRA-0038,Category 3 Model 038,Category 3,Warehouse C,SUP-017,30,5.2048,3.7688,6.6408,264,180,444,63.75,,0,0,Low,NO_REORDER_POSITION_SUFFICIENT,,,Gross units demand; promo de-lifted; stockout days censored; MOQ from historical min PO; two supplier/container slots.,No purchase action
30/06/2026,BRA-0038,Category 3 Model 038,Category 3,Warehouse C,SUP-017,60,10.4013,7.5754,13.2272,264,180,444,63.75,,0,0,Low,NO_REORDER_POSITION_SUFFICIENT,,,Gross units demand; promo de-lifted; stockout days censored; MOQ from historical min PO; two supplier/container slots.,No purchase action
30/06/2026,BRA-0038,Category 3 Model 038,Category 3,Warehouse C,SUP-017,90,15.5748,11.3627,19.7869,264,180,444,63.75,,0,0,Low,NO_REORDER_POSITION_SUFFICIENT,,,Gross units demand; promo de-lifted; stockout days censored; MOQ from historical min PO; two supplier/container slots.,No purchase action
30/06/2026,BRA-0039,Category 3 Model 039,Category 3,Warehouse A,SUP-024,30,27.2607,19.7394,34.7821,979,0,979,95,,0,0,Low,NO_REORDER_POSITION_SUFFICIENT,,,Gross units demand; promo de-lifted; stockout days censored; MOQ from historical min PO; two supplier/container slots.,No purchase action
30/06/2026,BRA-0039,Category 3 Model 039,Category 3,Warehouse A,SUP-024,60,54.5776,39.7496,69.4056,979,0,979,95,,0,0,Low,NO_REORDER_POSITION_SUFFICIENT,,,Gross units demand; promo de-lifted; stockout days censored; MOQ from historical min PO; two supplier/container slots.,No purchase action
30/06/2026,BRA-0039,Category 3 Model 039,Category 3,Warehouse A,SUP-024,90,81.8347,59.703,103.9664,979,0,979,95,,0,0,Low,NO_REORDER_POSITION_SUFFICIENT,,,Gross units demand; promo de-lifted; stockout days censored; MOQ from historical min PO; two supplier/container slots.,No purchase action
30/06/2026,BRA-0039,Category 3 Model 039,Category 3,Warehouse B,SUP-024,30,15.4141,11.1613,19.6669,1123,0,1123,95,,0,0,Low,NO_REORDER_POSITION_SUFFICIENT,,,Gross units demand; promo de-lifted; stockout days censored; MOQ from historical min PO; two supplier/container slots.,No purchase action
30/06/2026,BRA-0039,Category 3 Model 039,Category 3,Warehouse B,SUP-024,60,30.7286,22.3801,39.0772,1123,0,1123,95,,0,0,Low,NO_REORDER_POSITION_SUFFICIENT,,,Gross units demand; promo de-lifted; stockout days censored; MOQ from historical min PO; two supplier/container slots.,No purchase action
30/06/2026,BRA-0039,Category 3 Model 039,Category 3,Warehouse B,SUP-024,90,46.0951,33.629,58.5613,1123,0,1123,95,,0,0,Low,NO_REORDER_POSITION_SUFFICIENT,,,Gross units demand; promo de-lifted; stockout days censored; MOQ from historical min PO; two supplier/container slots.,No purchase action
30/06/2026,BRA-0039,Category 3 Model 039,Category 3,Warehouse C,SUP-024,30,12.1146,8.7722,15.4571,1174,45,1219,95,,0,0,Low,NO_REORDER_POSITION_SUFFICIENT,,,Gross units demand; promo de-lifted; stockout days censored; MOQ from historical min PO; two supplier/container slots.,No purchase action
30/06/2026,BRA-0039,Category 3 Model 039,Category 3,Warehouse C,SUP-024,60,24.1819,17.612,30.7518,1174,45,1219,95,,0,0,Low,NO_REORDER_POSITION_SUFFICIENT,,,Gross units demand; promo de-lifted; stockout days censored; MOQ from historical min PO; two supplier/container slots.,No purchase action
30/06/2026,BRA-0039,Category 3 Model 039,Category 3,Warehouse C,SUP-024,90,36.2523,26.4481,46.0566,1174,45,1219,95,,0,0,Low,NO_REORDER_POSITION_SUFFICIENT,,,Gross units demand; promo de-lifted; stockout days censored; MOQ from historical min PO; two supplier/container slots.,No purchase action
30/06/2026,BRA-0040,Category 4 Model 040,Category 4,Warehouse A,SUP-006,30,21.684,15.7013,27.6667,185,0,185,53.25,,0,0,Low,NO_REORDER_POSITION_SUFFICIENT,,,Gross units demand; promo de-lifted; stockout days censored; MOQ from historical min PO; two supplier/container slots.,No purchase action
30/06/2026,BRA-0040,Category 4 Model 040,Category 4,Warehouse A,SUP-006,60,43.331,31.5585,55.1034,185,0,185,53.25,,0,0,Low,NO_REORDER_POSITION_SUFFICIENT,,,Gross units demand; promo de-lifted; stockout days censored; MOQ from historical min PO; two supplier/container slots.,No purchase action
30/06/2026,BRA-0040,Category 4 Model 040,Category 4,Warehouse A,SUP-006,90,64.9233,47.3652,82.4814,185,0,185,53.25,,0,0,Low,NO_REORDER_POSITION_SUFFICIENT,,,Gross units demand; promo de-lifted; stockout days censored; MOQ from historical min PO; two supplier/container slots.,No purchase action
30/06/2026,BRA-0040,Category 4 Model 040,Category 4,Warehouse B,SUP-006,30,18.1591,13.1489,23.1692,139,0,139,53.25,,0,0,Low,NO_REORDER_POSITION_SUFFICIENT,,,Gross units demand; promo de-lifted; stockout days censored; MOQ from historical min PO; two supplier/container slots.,No purchase action
30/06/2026,BRA-0040,Category 4 Model 040,Category 4,Warehouse B,SUP-006,60,36.3251,26.456,46.1941,139,0,139,53.25,,0,0,Low,NO_REORDER_POSITION_SUFFICIENT,,,Gross units demand; promo de-lifted; stockout days censored; MOQ from historical min PO; two supplier/container slots.,No purchase action
30/06/2026,BRA-0040,Category 4 Model 040,Category 4,Warehouse B,SUP-006,90,54.4853,39.7501,69.2205,139,0,139,53.25,,0,0,Low,NO_REORDER_POSITION_SUFFICIENT,,,Gross units demand; promo de-lifted; stockout days censored; MOQ from historical min PO; two supplier/container slots.,No purchase action
30/06/2026,BRA-0040,Category 4 Model 040,Category 4,Warehouse C,SUP-006,30,6.4478,4.6688,8.2268,62,0,62,53.25,,0,0,Low,NO_REORDER_POSITION_SUFFICIENT,,,Gross units demand; promo de-lifted; stockout days censored; MOQ from historical min PO; two supplier/container slots.,No purchase action
30/06/2026,BRA-0040,Category 4 Model 040,Category 4,Warehouse C,SUP-006,60,12.8764,9.3781,16.3748,62,0,62,53.25,,0,0,Low,NO_REORDER_POSITION_SUFFICIENT,,,Gross units demand; promo de-lifted; stockout days censored; MOQ from historical min PO; two supplier/container slots.,No purchase action
30/06/2026,BRA-0040,Category 4 Model 040,Category 4,Warehouse C,SUP-006,90,19.3108,14.0883,24.5333,62,0,62,53.25,,0,0,Low,NO_REORDER_POSITION_SUFFICIENT,,,Gross units demand; promo de-lifted; stockout days censored; MOQ from historical min PO; two supplier/container slots.,No purchase action
30/06/2026,BRA-0041,Category 3 Model 041,Category 3,Warehouse A,SUP-013,30,17.5748,12.7259,22.4238,449,96,545,82,,0,0,Low,NO_REORDER_POSITION_SUFFICIENT,,,Gross units demand; promo de-lifted; stockout days censored; MOQ from historical min PO; two supplier/container slots.,No purchase action
30/06/2026,BRA-0041,Category 3 Model 041,Category 3,Warehouse A,SUP-013,60,35.1007,25.5644,44.6371,449,96,545,82,,0,0,Low,NO_REORDER_POSITION_SUFFICIENT,,,Gross units demand; promo de-lifted; stockout days censored; MOQ from historical min PO; two supplier/container slots.,No purchase action
30/06/2026,BRA-0041,Category 3 Model 041,Category 3,Warehouse A,SUP-013,90,52.6094,38.3815,66.8372,449,96,545,82,,0,0,Low,NO_REORDER_POSITION_SUFFICIENT,,,Gross units demand; promo de-lifted; stockout days censored; MOQ from historical min PO; two supplier/container slots.,No purchase action
30/06/2026,BRA-0041,Category 3 Model 041,Category 3,Warehouse B,SUP-013,30,15.1002,10.934,19.2664,822,28,850,82,,0,0,Low,NO_REORDER_POSITION_SUFFICIENT,,,Gross units demand; promo de-lifted; stockout days censored; MOQ from historical min PO; two supplier/container slots.,No purchase action
30/06/2026,BRA-0041,Category 3 Model 041,Category 3,Warehouse B,SUP-013,60,30.2484,22.0303,38.4665,822,28,850,82,,0,0,Low,NO_REORDER_POSITION_SUFFICIENT,,,Gross units demand; promo de-lifted; stockout days censored; MOQ from historical min PO; two supplier/container slots.,No purchase action
30/06/2026,BRA-0041,Category 3 Model 041,Category 3,Warehouse B,SUP-013,90,45.3509,33.086,57.6158,822,28,850,82,,0,0,Low,NO_REORDER_POSITION_SUFFICIENT,,,Gross units demand; promo de-lifted; stockout days censored; MOQ from historical min PO; two supplier/container slots.,No purchase action
30/06/2026,BRA-0041,Category 3 Model 041,Category 3,Warehouse C,SUP-013,30,10.1087,7.3196,12.8977,56,0,56,82,,0,0,Low,NO_REORDER_POSITION_SUFFICIENT,,,Gross units demand; promo de-lifted; stockout days censored; MOQ from historical min PO; two supplier/container slots.,No purchase action
30/06/2026,BRA-0041,Category 3 Model 041,Category 3,Warehouse C,SUP-013,60,20.2552,14.7521,25.7582,56,0,56,82,,0,0,Low,NO_REORDER_POSITION_SUFFICIENT,,,Gross units demand; promo de-lifted; stockout days censored; MOQ from historical min PO; two supplier/container slots.,No purchase action
30/06/2026,BRA-0041,Category 3 Model 041,Category 3,Warehouse C,SUP-013,90,30.3325,22.1292,38.5357,56,0,56,82,,0,0,Low,NO_REORDER_POSITION_SUFFICIENT,,,Gross units demand; promo de-lifted; stockout days censored; MOQ from historical min PO; two supplier/container slots.,No purchase action
30/06/2026,BRA-0042,Category 1 Model 042,Category 1,Warehouse A,SUP-020,30,35.0982,25.4144,44.7819,171,0,171,32.25,,0,0,Low,NO_REORDER_POSITION_SUFFICIENT,,,Gross units demand; promo de-lifted; stockout days censored; MOQ from historical min PO; two supplier/container slots.,No purchase action
30/06/2026,BRA-0042,Category 1 Model 042,Category 1,Warehouse A,SUP-020,60,70.2113,51.1358,89.2867,171,0,171,32.25,,0,0,Low,NO_REORDER_POSITION_SUFFICIENT,,,Gross units demand; promo de-lifted; stockout days censored; MOQ from historical min PO; two supplier/container slots.,No purchase action
30/06/2026,BRA-0042,Category 1 Model 042,Category 1,Warehouse A,SUP-020,90,105.3172,76.8348,133.7996,171,0,171,32.25,,0,0,Low,NO_REORDER_POSITION_SUFFICIENT,,,Gross units demand; promo de-lifted; stockout days censored; MOQ from historical min PO; two supplier/container slots.,No purchase action
30/06/2026,BRA-0042,Category 1 Model 042,Category 1,Warehouse B,SUP-020,30,16.3241,11.8202,20.828,349,0,349,32.25,,0,0,Low,NO_REORDER_POSITION_SUFFICIENT,,,Gross units demand; promo de-lifted; stockout days censored; MOQ from historical min PO; two supplier/container slots.,No purchase action
30/06/2026,BRA-0042,Category 1 Model 042,Category 1,Warehouse B,SUP-020,60,32.6642,23.7898,41.5386,349,0,349,32.25,,0,0,Low,NO_REORDER_POSITION_SUFFICIENT,,,Gross units demand; promo de-lifted; stockout days censored; MOQ from historical min PO; two supplier/container slots.,No purchase action
30/06/2026,BRA-0042,Category 1 Model 042,Category 1,Warehouse B,SUP-020,90,48.9754,35.7303,62.2206,349,0,349,32.25,,0,0,Low,NO_REORDER_POSITION_SUFFICIENT,,,Gross units demand; promo de-lifted; stockout days censored; MOQ from historical min PO; two supplier/container slots.,No purchase action
30/06/2026,BRA-0042,Category 1 Model 042,Category 1,Warehouse C,SUP-020,30,9.4475,6.8409,12.0541,192,0,192,32.25,,0,0,Low,NO_REORDER_POSITION_SUFFICIENT,,,Gross units demand; promo de-lifted; stockout days censored; MOQ from historical min PO; two supplier/container slots.,No purchase action
30/06/2026,BRA-0042,Category 1 Model 042,Category 1,Warehouse C,SUP-020,60,18.88,13.7505,24.0094,192,0,192,32.25,,0,0,Low,NO_REORDER_POSITION_SUFFICIENT,,,Gross units demand; promo de-lifted; stockout days censored; MOQ from historical min PO; two supplier/container slots.,No purchase action
30/06/2026,BRA-0042,Category 1 Model 042,Category 1,Warehouse C,SUP-020,90,28.3109,20.6544,35.9674,192,0,192,32.25,,0,0,Low,NO_REORDER_POSITION_SUFFICIENT,,,Gross units demand; promo de-lifted; stockout days censored; MOQ from historical min PO; two supplier/container slots.,No purchase action
30/06/2026,BRA-0043,Category 2 Model 043,Category 2,Warehouse A,SUP-002,30,27.1148,19.6337,34.5959,462,0,462,68.5,,0,0,Low,NO_REORDER_POSITION_SUFFICIENT,,,Gross units demand; promo de-lifted; stockout days censored; MOQ from historical min PO; two supplier/container slots.,No purchase action
30/06/2026,BRA-0043,Category 2 Model 043,Category 2,Warehouse A,SUP-002,60,54.2089,39.4811,68.9367,462,0,462,68.5,,0,0,Low,NO_REORDER_POSITION_SUFFICIENT,,,Gross units demand; promo de-lifted; stockout days censored; MOQ from historical min PO; two supplier/container slots.,No purchase action
30/06/2026,BRA-0043,Category 2 Model 043,Category 2,Warehouse A,SUP-002,90,81.251,59.2772,103.2249,462,0,462,68.5,,0,0,Low,NO_REORDER_POSITION_SUFFICIENT,,,Gross units demand; promo de-lifted; stockout days censored; MOQ from historical min PO; two supplier/container slots.,No purchase action
30/06/2026,BRA-0043,Category 2 Model 043,Category 2,Warehouse B,SUP-002,30,7.6966,5.5731,9.8201,825,45,870,68.5,,0,0,Low,NO_REORDER_POSITION_SUFFICIENT,,,Gross units demand; promo de-lifted; stockout days censored; MOQ from historical min PO; two supplier/container slots.,No purchase action
30/06/2026,BRA-0043,Category 2 Model 043,Category 2,Warehouse B,SUP-002,60,15.4483,11.2512,19.6454,825,45,870,68.5,,0,0,Low,NO_REORDER_POSITION_SUFFICIENT,,,Gross units demand; promo de-lifted; stockout days censored; MOQ from historical min PO; two supplier/container slots.,No purchase action
30/06/2026,BRA-0043,Category 2 Model 043,Category 2,Warehouse B,SUP-002,90,23.1712,16.9047,29.4377,825,45,870,68.5,,0,0,Low,NO_REORDER_POSITION_SUFFICIENT,,,Gross units demand; promo de-lifted; stockout days censored; MOQ from historical min PO; two supplier/container slots.,No purchase action
30/06/2026,BRA-0043,Category 2 Model 043,Category 2,Warehouse C,SUP-002,30,6.3737,4.6152,8.1323,59,0,59,68.5,,0,0,Low,NO_REORDER_POSITION_SUFFICIENT,,,Gross units demand; promo de-lifted; stockout days censored; MOQ from historical min PO; two supplier/container slots.,No purchase action
30/06/2026,BRA-0043,Category 2 Model 043,Category 2,Warehouse C,SUP-002,60,12.7278,9.2698,16.1858,59,0,59,68.5,,0,0,Low,NO_REORDER_POSITION_SUFFICIENT,,,Gross units demand; promo de-lifted; stockout days censored; MOQ from historical min PO; two supplier/container slots.,No purchase action
30/06/2026,BRA-0043,Category 2 Model 043,Category 2,Warehouse C,SUP-002,90,19.0877,13.9255,24.2498,59,0,59,68.5,,0,0,Low,NO_REORDER_POSITION_SUFFICIENT,,,Gross units demand; promo de-lifted; stockout days censored; MOQ from historical min PO; two supplier/container slots.,No purchase action
30/06/2026,BRA-0044,Category 4 Model 044,Category 4,Warehouse A,SUP-009,30,12.45,9.015,15.885,397,0,397,97.5,,0,0,Low,NO_REORDER_POSITION_SUFFICIENT,,,Gross units demand; promo de-lifted; stockout days censored; MOQ from historical min PO; two supplier/container slots.,No purchase action
30/06/2026,BRA-0044,Category 4 Model 044,Category 4,Warehouse A,SUP-009,60,24.8792,18.1199,31.6386,397,0,397,97.5,,0,0,Low,NO_REORDER_POSITION_SUFFICIENT,,,Gross units demand; promo de-lifted; stockout days censored; MOQ from historical min PO; two supplier/container slots.,No purchase action
30/06/2026,BRA-0044,Category 4 Model 044,Category 4,Warehouse A,SUP-009,90,37.3546,27.2523,47.4569,397,0,397,97.5,,0,0,Low,NO_REORDER_POSITION_SUFFICIENT,,,Gross units demand; promo de-lifted; stockout days censored; MOQ from historical min PO; two supplier/container slots.,No purchase action
30/06/2026,BRA-0044,Category 4 Model 044,Category 4,Warehouse B,SUP-009,30,5.9182,4.2854,7.5511,248,0,248,97.5,,0,0,Low,NO_REORDER_POSITION_SUFFICIENT,,,Gross units demand; promo de-lifted; stockout days censored; MOQ from historical min PO; two supplier/container slots.,No purchase action
30/06/2026,BRA-0044,Category 4 Model 044,Category 4,Warehouse B,SUP-009,60,11.8164,8.606,15.0268,248,0,248,97.5,,0,0,Low,NO_REORDER_POSITION_SUFFICIENT,,,Gross units demand; promo de-lifted; stockout days censored; MOQ from historical min PO; two supplier/container slots.,No purchase action
30/06/2026,BRA-0044,Category 4 Model 044,Category 4,Warehouse B,SUP-009,90,17.6973,12.9111,22.4834,248,0,248,97.5,,0,0,Low,NO_REORDER_POSITION_SUFFICIENT,,,Gross units demand; promo de-lifted; stockout days censored; MOQ from historical min PO; two supplier/container slots.,No purchase action
30/06/2026,BRA-0044,Category 4 Model 044,Category 4,Warehouse C,SUP-009,30,4.6558,3.3713,5.9404,20,0,20,97.5,,0,0,Low,NO_REORDER_POSITION_SUFFICIENT,,,Gross units demand; promo de-lifted; stockout days censored; MOQ from historical min PO; two supplier/container slots.,No purchase action
30/06/2026,BRA-0044,Category 4 Model 044,Category 4,Warehouse C,SUP-009,60,9.3341,6.7981,11.87,20,0,20,97.5,,0,0,Low,NO_REORDER_POSITION_SUFFICIENT,,,Gross units demand; promo de-lifted; stockout days censored; MOQ from historical min PO; two supplier/container slots.,No purchase action
30/06/2026,BRA-0044,Category 4 Model 044,Category 4,Warehouse C,SUP-009,90,14.0008,10.2143,17.7872,20,0,20,97.5,,0,0,Low,NO_REORDER_POSITION_SUFFICIENT,,,Gross units demand; promo de-lifted; stockout days censored; MOQ from historical min PO; two supplier/container slots.,No purchase action
30/06/2026,BRA-0045,Category 1 Model 045,Category 1,Warehouse A,SUP-016,30,30.7634,22.2756,39.2511,333,0,333,51,,0,0,Low,NO_REORDER_POSITION_SUFFICIENT,,,Gross units demand; promo de-lifted; stockout days censored; MOQ from historical min PO; two supplier/container slots.,No purchase action
30/06/2026,BRA-0045,Category 1 Model 045,Category 1,Warehouse A,SUP-016,60,61.6206,44.8791,78.3621,333,0,333,51,,0,0,Low,NO_REORDER_POSITION_SUFFICIENT,,,Gross units demand; promo de-lifted; stockout days censored; MOQ from historical min PO; two supplier/container slots.,No purchase action
30/06/2026,BRA-0045,Category 1 Model 045,Category 1,Warehouse A,SUP-016,90,92.3741,67.3921,117.3561,333,0,333,51,,0,0,Low,NO_REORDER_POSITION_SUFFICIENT,,,Gross units demand; promo de-lifted; stockout days censored; MOQ from historical min PO; two supplier/container slots.,No purchase action
30/06/2026,BRA-0045,Category 1 Model 045,Category 1,Warehouse B,SUP-016,30,17.1969,12.4522,21.9417,33,228,261,51,,0,0,Low,NO_REORDER_POSITION_SUFFICIENT,,,Gross units demand; promo de-lifted; stockout days censored; MOQ from historical min PO; two supplier/container slots.,No purchase action
30/06/2026,BRA-0045,Category 1 Model 045,Category 1,Warehouse B,SUP-016,60,34.3937,25.0494,43.7379,33,228,261,51,,0,0,Low,NO_REORDER_POSITION_SUFFICIENT,,,Gross units demand; promo de-lifted; stockout days censored; MOQ from historical min PO; two supplier/container slots.,No purchase action
30/06/2026,BRA-0045,Category 1 Model 045,Category 1,Warehouse B,SUP-016,90,51.6019,37.6465,65.5573,33,228,261,51,,0,0,Low,NO_REORDER_POSITION_SUFFICIENT,,,Gross units demand; promo de-lifted; stockout days censored; MOQ from historical min PO; two supplier/container slots.,No purchase action
30/06/2026,BRA-0045,Category 1 Model 045,Category 1,Warehouse C,SUP-016,30,8.8711,6.4235,11.3187,1227,62,1289,51,,0,0,Low,NO_REORDER_POSITION_SUFFICIENT,,,Gross units demand; promo de-lifted; stockout days censored; MOQ from historical min PO; two supplier/container slots.,No purchase action
30/06/2026,BRA-0045,Category 1 Model 045,Category 1,Warehouse C,SUP-016,60,17.7625,12.9366,22.5883,1227,62,1289,51,,0,0,Low,NO_REORDER_POSITION_SUFFICIENT,,,Gross units demand; promo de-lifted; stockout days censored; MOQ from historical min PO; two supplier/container slots.,No purchase action
30/06/2026,BRA-0045,Category 1 Model 045,Category 1,Warehouse C,SUP-016,90,26.6308,19.4286,33.8329,1227,62,1289,51,,0,0,Low,NO_REORDER_POSITION_SUFFICIENT,,,Gross units demand; promo de-lifted; stockout days censored; MOQ from historical min PO; two supplier/container slots.,No purchase action
30/06/2026,BRA-0046,Category 2 Model 046,Category 2,Warehouse A,SUP-023,30,17.0851,12.3713,21.799,689,0,689,87.25,,0,0,Low,NO_REORDER_POSITION_SUFFICIENT,,,Gross units demand; promo de-lifted; stockout days censored; MOQ from historical min PO; two supplier/container slots.,No purchase action
30/06/2026,BRA-0046,Category 2 Model 046,Category 2,Warehouse A,SUP-023,60,34.1531,24.8742,43.4321,689,0,689,87.25,,0,0,Low,NO_REORDER_POSITION_SUFFICIENT,,,Gross units demand; promo de-lifted; stockout days censored; MOQ from historical min PO; two supplier/container slots.,No purchase action
30/06/2026,BRA-0046,Category 2 Model 046,Category 2,Warehouse A,SUP-023,90,51.2327,37.3771,65.0883,689,0,689,87.25,,0,0,Low,NO_REORDER_POSITION_SUFFICIENT,,,Gross units demand; promo de-lifted; stockout days censored; MOQ from historical min PO; two supplier/container slots.,No purchase action
30/06/2026,BRA-0046,Category 2 Model 046,Category 2,Warehouse B,SUP-023,30,6.8153,4.9349,8.6957,764,69,833,87.25,,0,0,Low,NO_REORDER_POSITION_SUFFICIENT,,,Gross units demand; promo de-lifted; stockout days censored; MOQ from historical min PO; two supplier/container slots.,No purchase action
30/06/2026,BRA-0046,Category 2 Model 046,Category 2,Warehouse B,SUP-023,60,13.6583,9.9475,17.369,764,69,833,87.25,,0,0,Low,NO_REORDER_POSITION_SUFFICIENT,,,Gross units demand; promo de-lifted; stockout days censored; MOQ from historical min PO; two supplier/container slots.,No purchase action
30/06/2026,BRA-0046,Category 2 Model 046,Category 2,Warehouse B,SUP-023,90,20.5301,14.9779,26.0824,764,69,833,87.25,,0,0,Low,NO_REORDER_POSITION_SUFFICIENT,,,Gross units demand; promo de-lifted; stockout days censored; MOQ from historical min PO; two supplier/container slots.,No purchase action
30/06/2026,BRA-0046,Category 2 Model 046,Category 2,Warehouse C,SUP-023,30,6.6477,4.8135,8.4818,176,0,176,87.25,,0,0,Low,NO_REORDER_POSITION_SUFFICIENT,,,Gross units demand; promo de-lifted; stockout days censored; MOQ from historical min PO; two supplier/container slots.,No purchase action
30/06/2026,BRA-0046,Category 2 Model 046,Category 2,Warehouse C,SUP-023,60,13.3175,9.6993,16.9356,176,0,176,87.25,,0,0,Low,NO_REORDER_POSITION_SUFFICIENT,,,Gross units demand; promo de-lifted; stockout days censored; MOQ from historical min PO; two supplier/container slots.,No purchase action
30/06/2026,BRA-0046,Category 2 Model 046,Category 2,Warehouse C,SUP-023,90,19.9988,14.5903,25.4074,176,0,176,87.25,,0,0,Low,NO_REORDER_POSITION_SUFFICIENT,,,Gross units demand; promo de-lifted; stockout days censored; MOQ from historical min PO; two supplier/container slots.,No purchase action
30/06/2026,BRA-0047,Category 4 Model 047,Category 4,Warehouse A,SUP-005,30,15.3542,11.1179,19.5904,82,0,82,34.75,,0,0,Low,NO_REORDER_POSITION_SUFFICIENT,,,Gross units demand; promo de-lifted; stockout days censored; MOQ from historical min PO; two supplier/container slots.,No purchase action
30/06/2026,BRA-0047,Category 4 Model 047,Category 4,Warehouse A,SUP-005,60,30.6382,22.3142,38.9621,82,0,82,34.75,,0,0,Low,NO_REORDER_POSITION_SUFFICIENT,,,Gross units demand; promo de-lifted; stockout days censored; MOQ from historical min PO; two supplier/container slots.,No purchase action
30/06/2026,BRA-0047,Category 4 Model 047,Category 4,Warehouse A,SUP-005,90,45.8933,33.4817,58.3049,82,0,82,34.75,,0,0,Low,NO_REORDER_POSITION_SUFFICIENT,,,Gross units demand; promo de-lifted; stockout days censored; MOQ from historical min PO; two supplier/container slots.,No purchase action
30/06/2026,BRA-0047,Category 4 Model 047,Category 4,Warehouse B,SUP-005,30,10.9208,7.9077,13.9339,19,0,19,34.75,,0,0,High,NO_REORDER_POSITION_SUFFICIENT,,,Gross units demand; promo de-lifted; stockout days censored; MOQ from historical min PO; two supplier/container slots.,No purchase action
30/06/2026,BRA-0047,Category 4 Model 047,Category 4,Warehouse B,SUP-005,60,21.8204,15.8921,27.7487,19,0,19,34.75,,0,0,High,NO_REORDER_POSITION_SUFFICIENT,,,Gross units demand; promo de-lifted; stockout days censored; MOQ from historical min PO; two supplier/container slots.,No purchase action
30/06/2026,BRA-0047,Category 4 Model 047,Category 4,Warehouse B,SUP-005,90,32.7142,23.8668,41.5615,19,0,19,34.75,,0,0,High,NO_REORDER_POSITION_SUFFICIENT,,,Gross units demand; promo de-lifted; stockout days censored; MOQ from historical min PO; two supplier/container slots.,No purchase action
30/06/2026,BRA-0047,Category 4 Model 047,Category 4,Warehouse C,SUP-005,30,2.8771,2.0833,3.6709,56,0,56,34.75,,0,0,Low,NO_REORDER_POSITION_SUFFICIENT,,,Gross units demand; promo de-lifted; stockout days censored; MOQ from historical min PO; two supplier/container slots.,No purchase action
30/06/2026,BRA-0047,Category 4 Model 047,Category 4,Warehouse C,SUP-005,60,5.7646,4.1984,7.3308,56,0,56,34.75,,0,0,Low,NO_REORDER_POSITION_SUFFICIENT,,,Gross units demand; promo de-lifted; stockout days censored; MOQ from historical min PO; two supplier/container slots.,No purchase action
30/06/2026,BRA-0047,Category 4 Model 047,Category 4,Warehouse C,SUP-005,90,8.629,6.2953,10.9627,56,0,56,34.75,,0,0,Low,NO_REORDER_POSITION_SUFFICIENT,,,Gross units demand; promo de-lifted; stockout days censored; MOQ from historical min PO; two supplier/container slots.,No purchase action
30/06/2026,BRA-0048,Category 2 Model 048,Category 2,Warehouse A,SUP-012,30,1.9572,1.4172,2.4972,301,0,301,64,,0,0,Low,NO_REORDER_POSITION_SUFFICIENT,,,Gross units demand; promo de-lifted; stockout days censored; MOQ from historical min PO; two supplier/container slots.,No purchase action
30/06/2026,BRA-0048,Category 2 Model 048,Category 2,Warehouse A,SUP-012,60,3.9075,2.8459,4.9692,301,0,301,64,,0,0,Low,NO_REORDER_POSITION_SUFFICIENT,,,Gross units demand; promo de-lifted; stockout days censored; MOQ from historical min PO; two supplier/container slots.,No purchase action
30/06/2026,BRA-0048,Category 2 Model 048,Category 2,Warehouse A,SUP-012,90,5.8579,4.2736,7.4421,301,0,301,64,,0,0,Low,NO_REORDER_POSITION_SUFFICIENT,,,Gross units demand; promo de-lifted; stockout days censored; MOQ from historical min PO; two supplier/container slots.,No purchase action
30/06/2026,BRA-0048,Category 2 Model 048,Category 2,Warehouse B,SUP-012,30,0.4278,0.3098,0.5459,83,0,83,64,,0,0,Low,NO_REORDER_POSITION_SUFFICIENT,,,Gross units demand; promo de-lifted; stockout days censored; MOQ from historical min PO; two supplier/container slots.,No purchase action
30/06/2026,BRA-0048,Category 2 Model 048,Category 2,Warehouse B,SUP-012,60,0.8434,0.6143,1.0726,83,0,83,64,,0,0,Low,NO_REORDER_POSITION_SUFFICIENT,,,Gross units demand; promo de-lifted; stockout days censored; MOQ from historical min PO; two supplier/container slots.,No purchase action
30/06/2026,BRA-0048,Category 2 Model 048,Category 2,Warehouse B,SUP-012,90,1.2532,0.9143,1.5922,83,0,83,64,,0,0,Low,NO_REORDER_POSITION_SUFFICIENT,,,Gross units demand; promo de-lifted; stockout days censored; MOQ from historical min PO; two supplier/container slots.,No purchase action
30/06/2026,BRA-0048,Category 2 Model 048,Category 2,Warehouse C,SUP-012,30,1.0345,0.749,1.3199,63,0,63,64,,0,0,Low,NO_REORDER_POSITION_SUFFICIENT,,,Gross units demand; promo de-lifted; stockout days censored; MOQ from historical min PO; two supplier/container slots.,No purchase action
30/06/2026,BRA-0048,Category 2 Model 048,Category 2,Warehouse C,SUP-012,60,2.0684,1.5065,2.6304,63,0,63,64,,0,0,Low,NO_REORDER_POSITION_SUFFICIENT,,,Gross units demand; promo de-lifted; stockout days censored; MOQ from historical min PO; two supplier/container slots.,No purchase action
30/06/2026,BRA-0048,Category 2 Model 048,Category 2,Warehouse C,SUP-012,90,3.1024,2.2634,3.9415,63,0,63,64,,0,0,Low,NO_REORDER_POSITION_SUFFICIENT,,,Gross units demand; promo de-lifted; stockout days censored; MOQ from historical min PO; two supplier/container slots.,No purchase action
30/06/2026,BRA-0049,Category 3 Model 049,Category 3,Warehouse A,SUP-019,30,31.5742,22.8628,40.2857,541,64,605,105,,0,0,Low,NO_REORDER_POSITION_SUFFICIENT,,,Gross units demand; promo de-lifted; stockout days censored; MOQ from historical min PO; two supplier/container slots.,No purchase action
30/06/2026,BRA-0049,Category 3 Model 049,Category 3,Warehouse A,SUP-019,60,63.0616,45.9286,80.1946,541,64,605,105,,0,0,Low,NO_REORDER_POSITION_SUFFICIENT,,,Gross units demand; promo de-lifted; stockout days censored; MOQ from historical min PO; two supplier/container slots.,No purchase action
30/06/2026,BRA-0049,Category 3 Model 049,Category 3,Warehouse A,SUP-019,90,94.5452,68.976,120.1144,541,64,605,105,,0,0,Low,NO_REORDER_POSITION_SUFFICIENT,,,Gross units demand; promo de-lifted; stockout days censored; MOQ from historical min PO; two supplier/container slots.,No purchase action
30/06/2026,BRA-0049,Category 3 Model 049,Category 3,Warehouse B,SUP-019,30,17.0488,12.345,21.7527,575,56,631,105,,0,0,Low,NO_REORDER_POSITION_SUFFICIENT,,,Gross units demand; promo de-lifted; stockout days censored; MOQ from historical min PO; two supplier/container slots.,No purchase action
30/06/2026,BRA-0049,Category 3 Model 049,Category 3,Warehouse B,SUP-019,60,34.148,24.8705,43.4256,575,56,631,105,,0,0,Low,NO_REORDER_POSITION_SUFFICIENT,,,Gross units demand; promo de-lifted; stockout days censored; MOQ from historical min PO; two supplier/container slots.,No purchase action
30/06/2026,BRA-0049,Category 3 Model 049,Category 3,Warehouse B,SUP-019,90,51.2184,37.3667,65.0701,575,56,631,105,,0,0,Low,NO_REORDER_POSITION_SUFFICIENT,,,Gross units demand; promo de-lifted; stockout days censored; MOQ from historical min PO; two supplier/container slots.,No purchase action
30/06/2026,BRA-0049,Category 3 Model 049,Category 3,Warehouse C,SUP-019,30,5.7259,4.1461,7.3057,46,0,46,105,,0,0,Low,NO_REORDER_POSITION_SUFFICIENT,,,Gross units demand; promo de-lifted; stockout days censored; MOQ from historical min PO; two supplier/container slots.,No purchase action
30/06/2026,BRA-0049,Category 3 Model 049,Category 3,Warehouse C,SUP-019,60,11.455,8.3428,14.5672,46,0,46,105,,0,0,Low,NO_REORDER_POSITION_SUFFICIENT,,,Gross units demand; promo de-lifted; stockout days censored; MOQ from historical min PO; two supplier/container slots.,No purchase action
30/06/2026,BRA-0049,Category 3 Model 049,Category 3,Warehouse C,SUP-019,90,17.1899,12.541,21.8388,46,0,46,105,,0,0,Low,NO_REORDER_POSITION_SUFFICIENT,,,Gross units demand; promo de-lifted; stockout days censored; MOQ from historical min PO; two supplier/container slots.,No purchase action
30/06/2026,BRA-0050,Category 4 Model 050,Category 4,Warehouse A,SUP-001,30,9.7709,7.0751,12.4668,184,13,197,51,,0,0,Low,NO_REORDER_POSITION_SUFFICIENT,,,Gross units demand; promo de-lifted; stockout days censored; MOQ from historical min PO; two supplier/container slots.,No purchase action
30/06/2026,BRA-0050,Category 4 Model 050,Category 4,Warehouse A,SUP-001,60,19.5346,14.2273,24.8419,184,13,197,51,,0,0,Low,NO_REORDER_POSITION_SUFFICIENT,,,Gross units demand; promo de-lifted; stockout days censored; MOQ from historical min PO; two supplier/container slots.,No purchase action
30/06/2026,BRA-0050,Category 4 Model 050,Category 4,Warehouse A,SUP-001,90,29.2639,21.3496,37.1781,184,13,197,51,,0,0,Low,NO_REORDER_POSITION_SUFFICIENT,,,Gross units demand; promo de-lifted; stockout days censored; MOQ from historical min PO; two supplier/container slots.,No purchase action
30/06/2026,BRA-0050,Category 4 Model 050,Category 4,Warehouse B,SUP-001,30,3.4142,2.4722,4.3563,28,0,28,51,,0,0,Low,NO_REORDER_POSITION_SUFFICIENT,,,Gross units demand; promo de-lifted; stockout days censored; MOQ from historical min PO; two supplier/container slots.,No purchase action
30/06/2026,BRA-0050,Category 4 Model 050,Category 4,Warehouse B,SUP-001,60,6.8156,4.9639,8.6673,28,0,28,51,,0,0,Low,NO_REORDER_POSITION_SUFFICIENT,,,Gross units demand; promo de-lifted; stockout days censored; MOQ from historical min PO; two supplier/container slots.,No purchase action
30/06/2026,BRA-0050,Category 4 Model 050,Category 4,Warehouse B,SUP-001,90,10.2457,7.4748,13.0166,28,0,28,51,,0,0,Low,NO_REORDER_POSITION_SUFFICIENT,,,Gross units demand; promo de-lifted; stockout days censored; MOQ from historical min PO; two supplier/container slots.,No purchase action
30/06/2026,BRA-0050,Category 4 Model 050,Category 4,Warehouse C,SUP-001,30,2.0353,1.4738,2.5969,44,0,44,51,,0,0,Low,NO_REORDER_POSITION_SUFFICIENT,,,Gross units demand; promo de-lifted; stockout days censored; MOQ from historical min PO; two supplier/container slots.,No purchase action
30/06/2026,BRA-0050,Category 4 Model 050,Category 4,Warehouse C,SUP-001,60,4.0877,2.9771,5.1983,44,0,44,51,,0,0,Low,NO_REORDER_POSITION_SUFFICIENT,,,Gross units demand; promo de-lifted; stockout days censored; MOQ from historical min PO; two supplier/container slots.,No purchase action
30/06/2026,BRA-0050,Category 4 Model 050,Category 4,Warehouse C,SUP-001,90,6.1228,4.4669,7.7786,44,0,44,51,,0,0,Low,NO_REORDER_POSITION_SUFFICIENT,,,Gross units demand; promo de-lifted; stockout days censored; MOQ from historical min PO; two supplier/container slots.,No purchase action
30/06/2026,BRA-0051,Category 2 Model 051,Category 2,Warehouse A,SUP-008,30,17.0946,12.3781,21.8111,453,65,518,80,,0,0,Low,NO_REORDER_POSITION_SUFFICIENT,,,Gross units demand; promo de-lifted; stockout days censored; MOQ from historical min PO; two supplier/container slots.,No purchase action
30/06/2026,BRA-0051,Category 2 Model 051,Category 2,Warehouse A,SUP-008,60,34.1419,24.866,43.4178,453,65,518,80,,0,0,Low,NO_REORDER_POSITION_SUFFICIENT,,,Gross units demand; promo de-lifted; stockout days censored; MOQ from historical min PO; two supplier/container slots.,No purchase action
30/06/2026,BRA-0051,Category 2 Model 051,Category 2,Warehouse A,SUP-008,90,51.1834,37.3412,65.0256,453,65,518,80,,0,0,Low,NO_REORDER_POSITION_SUFFICIENT,,,Gross units demand; promo de-lifted; stockout days censored; MOQ from historical min PO; two supplier/container slots.,No purchase action
30/06/2026,BRA-0051,Category 2 Model 051,Category 2,Warehouse B,SUP-008,30,10.7181,7.7609,13.6752,245,0,245,80,,0,0,Low,NO_REORDER_POSITION_SUFFICIENT,,,Gross units demand; promo de-lifted; stockout days censored; MOQ from historical min PO; two supplier/container slots.,No purchase action
30/06/2026,BRA-0051,Category 2 Model 051,Category 2,Warehouse B,SUP-008,60,21.4469,15.6201,27.2738,245,0,245,80,,0,0,Low,NO_REORDER_POSITION_SUFFICIENT,,,Gross units demand; promo de-lifted; stockout days censored; MOQ from historical min PO; two supplier/container slots.,No purchase action
30/06/2026,BRA-0051,Category 2 Model 051,Category 2,Warehouse B,SUP-008,90,32.1682,23.4685,40.8678,245,0,245,80,,0,0,Low,NO_REORDER_POSITION_SUFFICIENT,,,Gross units demand; promo de-lifted; stockout days censored; MOQ from historical min PO; two supplier/container slots.,No purchase action
30/06/2026,BRA-0051,Category 2 Model 051,Category 2,Warehouse C,SUP-008,30,5.0471,3.6546,6.4396,15,384,399,80,,0,0,Low,NO_REORDER_POSITION_SUFFICIENT,,,Gross units demand; promo de-lifted; stockout days censored; MOQ from historical min PO; two supplier/container slots.,No purchase action
30/06/2026,BRA-0051,Category 2 Model 051,Category 2,Warehouse C,SUP-008,60,10.0983,7.3548,12.8419,15,384,399,80,,0,0,Low,NO_REORDER_POSITION_SUFFICIENT,,,Gross units demand; promo de-lifted; stockout days censored; MOQ from historical min PO; two supplier/container slots.,No purchase action
30/06/2026,BRA-0051,Category 2 Model 051,Category 2,Warehouse C,SUP-008,90,15.138,11.044,19.232,15,384,399,80,,0,0,Low,NO_REORDER_POSITION_SUFFICIENT,,,Gross units demand; promo de-lifted; stockout days censored; MOQ from historical min PO; two supplier/container slots.,No purchase action
30/06/2026,BRA-0052,Category 2 Model 052,Category 2,Warehouse A,SUP-015,30,22.7665,16.4851,29.0478,100,0,100,45.5,,0,0,Low,NO_REORDER_POSITION_SUFFICIENT,,,Gross units demand; promo de-lifted; stockout days censored; MOQ from historical min PO; two supplier/container slots.,No purchase action
30/06/2026,BRA-0052,Category 2 Model 052,Category 2,Warehouse A,SUP-015,60,45.5599,33.1819,57.9379,100,0,100,45.5,,0,0,Low,NO_REORDER_POSITION_SUFFICIENT,,,Gross units demand; promo de-lifted; stockout days censored; MOQ from historical min PO; two supplier/container slots.,No purchase action
30/06/2026,BRA-0052,Category 2 Model 052,Category 2,Warehouse A,SUP-015,90,68.2842,49.8171,86.7512,100,0,100,45.5,,0,0,Low,NO_REORDER_POSITION_SUFFICIENT,,,Gross units demand; promo de-lifted; stockout days censored; MOQ from historical min PO; two supplier/container slots.,No purchase action
30/06/2026,BRA-0052,Category 2 Model 052,Category 2,Warehouse B,SUP-015,30,19.5015,14.1209,24.882,175,0,175,45.5,,0,0,Low,NO_REORDER_POSITION_SUFFICIENT,,,Gross units demand; promo de-lifted; stockout days censored; MOQ from historical min PO; two supplier/container slots.,No purchase action
30/06/2026,BRA-0052,Category 2 Model 052,Category 2,Warehouse B,SUP-015,60,38.8968,28.329,49.4645,175,0,175,45.5,,0,0,Low,NO_REORDER_POSITION_SUFFICIENT,,,Gross units demand; promo de-lifted; stockout days censored; MOQ from historical min PO; two supplier/container slots.,No purchase action
30/06/2026,BRA-0052,Category 2 Model 052,Category 2,Warehouse B,SUP-015,90,58.2921,42.5273,74.0568,175,0,175,45.5,,0,0,Low,NO_REORDER_POSITION_SUFFICIENT,,,Gross units demand; promo de-lifted; stockout days censored; MOQ from historical min PO; two supplier/container slots.,No purchase action
30/06/2026,BRA-0052,Category 2 Model 052,Category 2,Warehouse C,SUP-015,30,4.2017,3.0424,5.361,268,48,316,45.5,,0,0,Low,NO_REORDER_POSITION_SUFFICIENT,,,Gross units demand; promo de-lifted; stockout days censored; MOQ from historical min PO; two supplier/container slots.,No purchase action
30/06/2026,BRA-0052,Category 2 Model 052,Category 2,Warehouse C,SUP-015,60,8.3831,6.1056,10.6607,268,48,316,45.5,,0,0,Low,NO_REORDER_POSITION_SUFFICIENT,,,Gross units demand; promo de-lifted; stockout days censored; MOQ from historical min PO; two supplier/container slots.,No purchase action
30/06/2026,BRA-0052,Category 2 Model 052,Category 2,Warehouse C,SUP-015,90,12.5415,9.1497,15.9332,268,48,316,45.5,,0,0,Low,NO_REORDER_POSITION_SUFFICIENT,,,Gross units demand; promo de-lifted; stockout days censored; MOQ from historical min PO; two supplier/container slots.,No purchase action
30/06/2026,BRA-0053,Category 2 Model 053,Category 2,Warehouse A,SUP-022,30,30.159,21.838,38.4799,411,0,411,70.75,,0,0,Low,NO_REORDER_POSITION_SUFFICIENT,,,Gross units demand; promo de-lifted; stockout days censored; MOQ from historical min PO; two supplier/container slots.,No purchase action
30/06/2026,BRA-0053,Category 2 Model 053,Category 2,Warehouse A,SUP-022,60,60.2965,43.9147,76.6782,411,0,411,70.75,,0,0,Low,NO_REORDER_POSITION_SUFFICIENT,,,Gross units demand; promo de-lifted; stockout days censored; MOQ from historical min PO; two supplier/container slots.,No purchase action
30/06/2026,BRA-0053,Category 2 Model 053,Category 2,Warehouse A,SUP-022,90,90.4282,65.9724,114.8839,411,0,411,70.75,,0,0,Low,NO_REORDER_POSITION_SUFFICIENT,,,Gross units demand; promo de-lifted; stockout days censored; MOQ from historical min PO; two supplier/container slots.,No purchase action
30/06/2026,BRA-0053,Category 2 Model 053,Category 2,Warehouse B,SUP-022,30,17.3262,12.5458,22.1066,513,54,567,70.75,,0,0,Low,NO_REORDER_POSITION_SUFFICIENT,,,Gross units demand; promo de-lifted; stockout days censored; MOQ from historical min PO; two supplier/container slots.,No purchase action
30/06/2026,BRA-0053,Category 2 Model 053,Category 2,Warehouse B,SUP-022,60,34.6593,25.2428,44.0758,513,54,567,70.75,,0,0,Low,NO_REORDER_POSITION_SUFFICIENT,,,Gross units demand; promo de-lifted; stockout days censored; MOQ from historical min PO; two supplier/container slots.,No purchase action
30/06/2026,BRA-0053,Category 2 Model 053,Category 2,Warehouse B,SUP-022,90,51.9866,37.9272,66.0461,513,54,567,70.75,,0,0,Low,NO_REORDER_POSITION_SUFFICIENT,,,Gross units demand; promo de-lifted; stockout days censored; MOQ from historical min PO; two supplier/container slots.,No purchase action
30/06/2026,BRA-0053,Category 2 Model 053,Category 2,Warehouse C,SUP-022,30,10.2718,7.4377,13.1058,209,312,521,70.75,,0,0,Low,NO_REORDER_POSITION_SUFFICIENT,,,Gross units demand; promo de-lifted; stockout days censored; MOQ from historical min PO; two supplier/container slots.,No purchase action
30/06/2026,BRA-0053,Category 2 Model 053,Category 2,Warehouse C,SUP-022,60,20.5694,14.981,26.1578,209,312,521,70.75,,0,0,Low,NO_REORDER_POSITION_SUFFICIENT,,,Gross units demand; promo de-lifted; stockout days censored; MOQ from historical min PO; two supplier/container slots.,No purchase action
30/06/2026,BRA-0053,Category 2 Model 053,Category 2,Warehouse C,SUP-022,90,30.8266,22.4898,39.1635,209,312,521,70.75,,0,0,Low,NO_REORDER_POSITION_SUFFICIENT,,,Gross units demand; promo de-lifted; stockout days censored; MOQ from historical min PO; two supplier/container slots.,No purchase action
30/06/2026,BRA-0054,Category 3 Model 054,Category 3,Warehouse A,SUP-004,30,22.5796,16.3498,28.8094,820,0,820,94,,0,0,Low,NO_REORDER_POSITION_SUFFICIENT,,,Gross units demand; promo de-lifted; stockout days censored; MOQ from historical min PO; two supplier/container slots.,No purchase action
30/06/2026,BRA-0054,Category 3 Model 054,Category 3,Warehouse A,SUP-004,60,45.1176,32.8598,57.3755,820,0,820,94,,0,0,Low,NO_REORDER_POSITION_SUFFICIENT,,,Gross units demand; promo de-lifted; stockout days censored; MOQ from historical min PO; two supplier/container slots.,No purchase action
30/06/2026,BRA-0054,Category 3 Model 054,Category 3,Warehouse A,SUP-004,90,67.6193,49.3321,85.9065,820,0,820,94,,0,0,Low,NO_REORDER_POSITION_SUFFICIENT,,,Gross units demand; promo de-lifted; stockout days censored; MOQ from historical min PO; two supplier/container slots.,No purchase action
30/06/2026,BRA-0054,Category 3 Model 054,Category 3,Warehouse B,SUP-004,30,15.039,10.8897,19.1883,654,0,654,94,,0,0,Low,NO_REORDER_POSITION_SUFFICIENT,,,Gross units demand; promo de-lifted; stockout days censored; MOQ from historical min PO; two supplier/container slots.,No purchase action
30/06/2026,BRA-0054,Category 3 Model 054,Category 3,Warehouse B,SUP-004,60,30.075,21.904,38.2459,654,0,654,94,,0,0,Low,NO_REORDER_POSITION_SUFFICIENT,,,Gross units demand; promo de-lifted; stockout days censored; MOQ from historical min PO; two supplier/container slots.,No purchase action
30/06/2026,BRA-0054,Category 3 Model 054,Category 3,Warehouse B,SUP-004,90,45.0475,32.8647,57.2303,654,0,654,94,,0,0,Low,NO_REORDER_POSITION_SUFFICIENT,,,Gross units demand; promo de-lifted; stockout days censored; MOQ from historical min PO; two supplier/container slots.,No purchase action
30/06/2026,BRA-0054,Category 3 Model 054,Category 3,Warehouse C,SUP-004,30,3.0342,2.1971,3.8714,25,0,25,94,,0,0,Low,NO_REORDER_POSITION_SUFFICIENT,,,Gross units demand; promo de-lifted; stockout days censored; MOQ from historical min PO; two supplier/container slots.,No purchase action
30/06/2026,BRA-0054,Category 3 Model 054,Category 3,Warehouse C,SUP-004,60,6.0675,4.419,7.7159,25,0,25,94,,0,0,Low,NO_REORDER_POSITION_SUFFICIENT,,,Gross units demand; promo de-lifted; stockout days censored; MOQ from historical min PO; two supplier/container slots.,No purchase action
30/06/2026,BRA-0054,Category 3 Model 054,Category 3,Warehouse C,SUP-004,90,9.1181,6.6521,11.584,25,0,25,94,,0,0,Low,NO_REORDER_POSITION_SUFFICIENT,,,Gross units demand; promo de-lifted; stockout days censored; MOQ from historical min PO; two supplier/container slots.,No purchase action
30/06/2026,BRA-0055,Category 2 Model 055,Category 2,Warehouse A,SUP-011,30,25.2658,18.2948,32.2367,391,0,391,55.75,,0,0,Low,NO_REORDER_POSITION_SUFFICIENT,,,Gross units demand; promo de-lifted; stockout days censored; MOQ from historical min PO; two supplier/container slots.,No purchase action
30/06/2026,BRA-0055,Category 2 Model 055,Category 2,Warehouse A,SUP-011,60,50.475,36.7616,64.1883,391,0,391,55.75,,0,0,Low,NO_REORDER_POSITION_SUFFICIENT,,,Gross units demand; promo de-lifted; stockout days censored; MOQ from historical min PO; two supplier/container slots.,No purchase action
30/06/2026,BRA-0055,Category 2 Model 055,Category 2,Warehouse A,SUP-011,90,75.6726,55.2074,96.1378,391,0,391,55.75,,0,0,Low,NO_REORDER_POSITION_SUFFICIENT,,,Gross units demand; promo de-lifted; stockout days censored; MOQ from historical min PO; two supplier/container slots.,No purchase action
30/06/2026,BRA-0055,Category 2 Model 055,Category 2,Warehouse B,SUP-011,30,11.9714,8.6684,15.2744,197,0,197,55.75,,0,0,Low,NO_REORDER_POSITION_SUFFICIENT,,,Gross units demand; promo de-lifted; stockout days censored; MOQ from historical min PO; two supplier/container slots.,No purchase action
30/06/2026,BRA-0055,Category 2 Model 055,Category 2,Warehouse B,SUP-011,60,23.9668,17.4553,30.4782,197,0,197,55.75,,0,0,Low,NO_REORDER_POSITION_SUFFICIENT,,,Gross units demand; promo de-lifted; stockout days censored; MOQ from historical min PO; two supplier/container slots.,No purchase action
30/06/2026,BRA-0055,Category 2 Model 055,Category 2,Warehouse B,SUP-011,90,35.916,26.2028,45.6293,197,0,197,55.75,,0,0,Low,NO_REORDER_POSITION_SUFFICIENT,,,Gross units demand; promo de-lifted; stockout days censored; MOQ from historical min PO; two supplier/container slots.,No purchase action
30/06/2026,BRA-0055,Category 2 Model 055,Category 2,Warehouse C,SUP-011,30,8.3382,6.0377,10.6388,48,0,48,55.75,,0,0,Low,NO_REORDER_POSITION_SUFFICIENT,,,Gross units demand; promo de-lifted; stockout days censored; MOQ from historical min PO; two supplier/container slots.,No purchase action
30/06/2026,BRA-0055,Category 2 Model 055,Category 2,Warehouse C,SUP-011,60,16.6328,12.1139,21.1517,48,0,48,55.75,,0,0,Low,NO_REORDER_POSITION_SUFFICIENT,,,Gross units demand; promo de-lifted; stockout days censored; MOQ from historical min PO; two supplier/container slots.,No purchase action
30/06/2026,BRA-0055,Category 2 Model 055,Category 2,Warehouse C,SUP-011,90,24.9274,18.186,31.6689,48,0,48,55.75,,0,0,Low,NO_REORDER_POSITION_SUFFICIENT,,,Gross units demand; promo de-lifted; stockout days censored; MOQ from historical min PO; two supplier/container slots.,No purchase action
30/06/2026,BRA-0056,Category 2 Model 056,Category 2,Warehouse A,SUP-018,30,12.6071,9.1287,16.0854,376,0,376,85.75,,0,0,Low,NO_REORDER_POSITION_SUFFICIENT,,,Gross units demand; promo de-lifted; stockout days censored; MOQ from historical min PO; two supplier/container slots.,No purchase action
30/06/2026,BRA-0056,Category 2 Model 056,Category 2,Warehouse A,SUP-018,60,25.1913,18.3472,32.0355,376,0,376,85.75,,0,0,Low,NO_REORDER_POSITION_SUFFICIENT,,,Gross units demand; promo de-lifted; stockout days censored; MOQ from historical min PO; two supplier/container slots.,No purchase action
30/06/2026,BRA-0056,Category 2 Model 056,Category 2,Warehouse A,SUP-018,90,37.7236,27.5215,47.9258,376,0,376,85.75,,0,0,Low,NO_REORDER_POSITION_SUFFICIENT,,,Gross units demand; promo de-lifted; stockout days censored; MOQ from historical min PO; two supplier/container slots.,No purchase action
30/06/2026,BRA-0056,Category 2 Model 056,Category 2,Warehouse B,SUP-018,30,6.4402,4.6633,8.217,268,22,290,85.75,,0,0,Low,NO_REORDER_POSITION_SUFFICIENT,,,Gross units demand; promo de-lifted; stockout days censored; MOQ from historical min PO; two supplier/container slots.,No purchase action
30/06/2026,BRA-0056,Category 2 Model 056,Category 2,Warehouse B,SUP-018,60,12.8836,9.3833,16.3838,268,22,290,85.75,,0,0,Low,NO_REORDER_POSITION_SUFFICIENT,,,Gross units demand; promo de-lifted; stockout days censored; MOQ from historical min PO; two supplier/container slots.,No purchase action
30/06/2026,BRA-0056,Category 2 Model 056,Category 2,Warehouse B,SUP-018,90,19.327,14.1001,24.5538,268,22,290,85.75,,0,0,Low,NO_REORDER_POSITION_SUFFICIENT,,,Gross units demand; promo de-lifted; stockout days censored; MOQ from historical min PO; two supplier/container slots.,No purchase action
30/06/2026,BRA-0056,Category 2 Model 056,Category 2,Warehouse C,SUP-018,30,1.4636,1.0598,1.8674,12,144,156,85.75,,0,0,Low,NO_REORDER_POSITION_SUFFICIENT,,,Gross units demand; promo de-lifted; stockout days censored; MOQ from historical min PO; two supplier/container slots.,No purchase action
30/06/2026,BRA-0056,Category 2 Model 056,Category 2,Warehouse C,SUP-018,60,2.932,2.1354,3.7286,12,144,156,85.75,,0,0,Low,NO_REORDER_POSITION_SUFFICIENT,,,Gross units demand; promo de-lifted; stockout days censored; MOQ from historical min PO; two supplier/container slots.,No purchase action
30/06/2026,BRA-0056,Category 2 Model 056,Category 2,Warehouse C,SUP-018,90,4.3947,3.2062,5.5832,12,144,156,85.75,,0,0,Low,NO_REORDER_POSITION_SUFFICIENT,,,Gross units demand; promo de-lifted; stockout days censored; MOQ from historical min PO; two supplier/container slots.,No purchase action
30/06/2026,BRA-0057,Category 1 Model 057,Category 1,Warehouse A,SUP-025,30,31.5138,22.819,40.2086,291,0,291,35,,0,0,Low,NO_REORDER_POSITION_SUFFICIENT,,,Gross units demand; promo de-lifted; stockout days censored; MOQ from historical min PO; two supplier/container slots.,No purchase action
30/06/2026,BRA-0057,Category 1 Model 057,Category 1,Warehouse A,SUP-025,60,63.0353,45.9095,80.1612,291,0,291,35,,0,0,Low,NO_REORDER_POSITION_SUFFICIENT,,,Gross units demand; promo de-lifted; stockout days censored; MOQ from historical min PO; two supplier/container slots.,No purchase action
30/06/2026,BRA-0057,Category 1 Model 057,Category 1,Warehouse A,SUP-025,90,94.5309,68.9656,120.0961,291,0,291,35,,0,0,Low,NO_REORDER_POSITION_SUFFICIENT,,,Gross units demand; promo de-lifted; stockout days censored; MOQ from historical min PO; two supplier/container slots.,No purchase action
30/06/2026,BRA-0057,Category 1 Model 057,Category 1,Warehouse B,SUP-025,30,20.6949,14.9851,26.4047,230,0,230,35,,0,0,Low,NO_REORDER_POSITION_SUFFICIENT,,,Gross units demand; promo de-lifted; stockout days censored; MOQ from historical min PO; two supplier/container slots.,No purchase action
30/06/2026,BRA-0057,Category 1 Model 057,Category 1,Warehouse B,SUP-025,60,41.3397,30.1083,52.5712,230,0,230,35,,0,0,Low,NO_REORDER_POSITION_SUFFICIENT,,,Gross units demand; promo de-lifted; stockout days censored; MOQ from historical min PO; two supplier/container slots.,No purchase action
30/06/2026,BRA-0057,Category 1 Model 057,Category 1,Warehouse B,SUP-025,90,62.0162,45.2443,78.7881,230,0,230,35,,0,0,Low,NO_REORDER_POSITION_SUFFICIENT,,,Gross units demand; promo de-lifted; stockout days censored; MOQ from historical min PO; two supplier/container slots.,No purchase action
30/06/2026,BRA-0057,Category 1 Model 057,Category 1,Warehouse C,SUP-025,30,10.0631,7.2867,12.8396,528,0,528,35,,0,0,Low,NO_REORDER_POSITION_SUFFICIENT,,,Gross units demand; promo de-lifted; stockout days censored; MOQ from historical min PO; two supplier/container slots.,No purchase action
30/06/2026,BRA-0057,Category 1 Model 057,Category 1,Warehouse C,SUP-025,60,20.1373,14.6662,25.6083,528,0,528,35,,0,0,Low,NO_REORDER_POSITION_SUFFICIENT,,,Gross units demand; promo de-lifted; stockout days censored; MOQ from historical min PO; two supplier/container slots.,No purchase action
30/06/2026,BRA-0057,Category 1 Model 057,Category 1,Warehouse C,SUP-025,90,30.1652,22.0072,38.3232,528,0,528,35,,0,0,Low,NO_REORDER_POSITION_SUFFICIENT,,,Gross units demand; promo de-lifted; stockout days censored; MOQ from historical min PO; two supplier/container slots.,No purchase action
30/06/2026,BRA-0058,Category 1 Model 058,Category 1,Warehouse A,SUP-007,30,9.7745,7.0777,12.4714,97,0,97,75,,0,0,Low,NO_REORDER_POSITION_SUFFICIENT,,,Gross units demand; promo de-lifted; stockout days censored; MOQ from historical min PO; two supplier/container slots.,No purchase action
30/06/2026,BRA-0058,Category 1 Model 058,Category 1,Warehouse A,SUP-007,60,19.5424,14.233,24.8518,97,0,97,75,,0,0,Low,NO_REORDER_POSITION_SUFFICIENT,,,Gross units demand; promo de-lifted; stockout days censored; MOQ from historical min PO; two supplier/container slots.,No purchase action
30/06/2026,BRA-0058,Category 1 Model 058,Category 1,Warehouse A,SUP-007,90,29.2832,21.3637,37.2027,97,0,97,75,,0,0,Low,NO_REORDER_POSITION_SUFFICIENT,,,Gross units demand; promo de-lifted; stockout days censored; MOQ from historical min PO; two supplier/container slots.,No purchase action
30/06/2026,BRA-0058,Category 1 Model 058,Category 1,Warehouse B,SUP-007,30,8.0941,5.8609,10.3273,15,0,15,75,,0,0,High,NO_REORDER_POSITION_SUFFICIENT,,,Gross units demand; promo de-lifted; stockout days censored; MOQ from historical min PO; two supplier/container slots.,No purchase action
30/06/2026,BRA-0058,Category 1 Model 058,Category 1,Warehouse B,SUP-007,60,16.1506,11.7627,20.5385,15,0,15,75,,0,0,High,NO_REORDER_POSITION_SUFFICIENT,,,Gross units demand; promo de-lifted; stockout days censored; MOQ from historical min PO; two supplier/container slots.,No purchase action
30/06/2026,BRA-0058,Category 1 Model 058,Category 1,Warehouse B,SUP-007,90,24.2129,17.6647,30.7611,15,0,15,75,,0,0,High,NO_REORDER_POSITION_SUFFICIENT,,,Gross units demand; promo de-lifted; stockout days censored; MOQ from historical min PO; two supplier/container slots.,No purchase action
30/06/2026,BRA-0058,Category 1 Model 058,Category 1,Warehouse C,SUP-007,30,3.6191,2.6206,4.6176,36,0,36,75,,0,0,Low,NO_REORDER_POSITION_SUFFICIENT,,,Gross units demand; promo de-lifted; stockout days censored; MOQ from historical min PO; two supplier/container slots.,No purchase action
30/06/2026,BRA-0058,Category 1 Model 058,Category 1,Warehouse C,SUP-007,60,7.2246,5.2617,9.1874,36,0,36,75,,0,0,Low,NO_REORDER_POSITION_SUFFICIENT,,,Gross units demand; promo de-lifted; stockout days censored; MOQ from historical min PO; two supplier/container slots.,No purchase action
30/06/2026,BRA-0058,Category 1 Model 058,Category 1,Warehouse C,SUP-007,90,10.8069,7.8843,13.7296,36,0,36,75,,0,0,Low,NO_REORDER_POSITION_SUFFICIENT,,,Gross units demand; promo de-lifted; stockout days censored; MOQ from historical min PO; two supplier/container slots.,No purchase action
30/06/2026,BRA-0059,Category 4 Model 059,Category 4,Warehouse A,SUP-014,30,3.5328,2.5581,4.5075,293,0,293,102,,0,0,Low,NO_REORDER_POSITION_SUFFICIENT,,,Gross units demand; promo de-lifted; stockout days censored; MOQ from historical min PO; two supplier/container slots.,No purchase action
30/06/2026,BRA-0059,Category 4 Model 059,Category 4,Warehouse A,SUP-014,60,7.0464,5.132,8.9607,293,0,293,102,,0,0,Low,NO_REORDER_POSITION_SUFFICIENT,,,Gross units demand; promo de-lifted; stockout days censored; MOQ from historical min PO; two supplier/container slots.,No purchase action
30/06/2026,BRA-0059,Category 4 Model 059,Category 4,Warehouse A,SUP-014,90,10.5599,7.7041,13.4158,293,0,293,102,,0,0,Low,NO_REORDER_POSITION_SUFFICIENT,,,Gross units demand; promo de-lifted; stockout days censored; MOQ from historical min PO; two supplier/container slots.,No purchase action
30/06/2026,BRA-0059,Category 4 Model 059,Category 4,Warehouse B,SUP-014,30,1.5037,1.0888,1.9185,16,0,16,102,,0,0,Low,NO_REORDER_POSITION_SUFFICIENT,,,Gross units demand; promo de-lifted; stockout days censored; MOQ from historical min PO; two supplier/container slots.,No purchase action
30/06/2026,BRA-0059,Category 4 Model 059,Category 4,Warehouse B,SUP-014,60,2.9978,2.1833,3.8122,16,0,16,102,,0,0,Low,NO_REORDER_POSITION_SUFFICIENT,,,Gross units demand; promo de-lifted; stockout days censored; MOQ from historical min PO; two supplier/container slots.,No purchase action
30/06/2026,BRA-0059,Category 4 Model 059,Category 4,Warehouse B,SUP-014,90,4.4947,3.2792,5.7103,16,0,16,102,,0,0,Low,NO_REORDER_POSITION_SUFFICIENT,,,Gross units demand; promo de-lifted; stockout days censored; MOQ from historical min PO; two supplier/container slots.,No purchase action
30/06/2026,BRA-0059,Category 4 Model 059,Category 4,Warehouse C,SUP-014,30,1.7399,1.2599,2.22,74,0,74,102,,0,0,Low,NO_REORDER_POSITION_SUFFICIENT,,,Gross units demand; promo de-lifted; stockout days censored; MOQ from historical min PO; two supplier/container slots.,No purchase action
30/06/2026,BRA-0059,Category 4 Model 059,Category 4,Warehouse C,SUP-014,60,3.4526,2.5146,4.3906,74,0,74,102,,0,0,Low,NO_REORDER_POSITION_SUFFICIENT,,,Gross units demand; promo de-lifted; stockout days censored; MOQ from historical min PO; two supplier/container slots.,No purchase action
30/06/2026,BRA-0059,Category 4 Model 059,Category 4,Warehouse C,SUP-014,90,5.1768,3.7767,6.5768,74,0,74,102,,0,0,Low,NO_REORDER_POSITION_SUFFICIENT,,,Gross units demand; promo de-lifted; stockout days censored; MOQ from historical min PO; two supplier/container slots.,No purchase action
30/06/2026,BRA-0060,Category 4 Model 060,Category 4,Warehouse A,SUP-021,30,38.3238,27.7501,48.8974,489,110,599,50,,0,0,Low,NO_REORDER_POSITION_SUFFICIENT,,,Gross units demand; promo de-lifted; stockout days censored; MOQ from historical min PO; two supplier/container slots.,No purchase action
30/06/2026,BRA-0060,Category 4 Model 060,Category 4,Warehouse A,SUP-021,60,76.5589,55.7589,97.3589,489,110,599,50,,0,0,Low,NO_REORDER_POSITION_SUFFICIENT,,,Gross units demand; promo de-lifted; stockout days censored; MOQ from historical min PO; two supplier/container slots.,No purchase action
30/06/2026,BRA-0060,Category 4 Model 060,Category 4,Warehouse A,SUP-021,90,114.8633,83.7992,145.9273,489,110,599,50,,0,0,Low,NO_REORDER_POSITION_SUFFICIENT,,,Gross units demand; promo de-lifted; stockout days censored; MOQ from historical min PO; two supplier/container slots.,No purchase action
30/06/2026,BRA-0060,Category 4 Model 060,Category 4,Warehouse B,SUP-021,30,17.3068,12.5318,22.0818,250,0,250,50,,0,0,Low,NO_REORDER_POSITION_SUFFICIENT,,,Gross units demand; promo de-lifted; stockout days censored; MOQ from historical min PO; two supplier/container slots.,No purchase action
30/06/2026,BRA-0060,Category 4 Model 060,Category 4,Warehouse B,SUP-021,60,34.6078,25.2053,44.0102,250,0,250,50,,0,0,Low,NO_REORDER_POSITION_SUFFICIENT,,,Gross units demand; promo de-lifted; stockout days censored; MOQ from historical min PO; two supplier/container slots.,No purchase action
30/06/2026,BRA-0060,Category 4 Model 060,Category 4,Warehouse B,SUP-021,90,51.8973,37.862,65.9326,250,0,250,50,,0,0,Low,NO_REORDER_POSITION_SUFFICIENT,,,Gross units demand; promo de-lifted; stockout days censored; MOQ from historical min PO; two supplier/container slots.,No purchase action
30/06/2026,BRA-0060,Category 4 Model 060,Category 4,Warehouse C,SUP-021,30,7.5294,5.452,9.6068,211,0,211,50,,0,0,Low,NO_REORDER_POSITION_SUFFICIENT,,,Gross units demand; promo de-lifted; stockout days censored; MOQ from historical min PO; two supplier/container slots.,No purchase action
30/06/2026,BRA-0060,Category 4 Model 060,Category 4,Warehouse C,SUP-021,60,14.991,10.9182,19.0639,211,0,211,50,,0,0,Low,NO_REORDER_POSITION_SUFFICIENT,,,Gross units demand; promo de-lifted; stockout days censored; MOQ from historical min PO; two supplier/container slots.,No purchase action
30/06/2026,BRA-0060,Category 4 Model 060,Category 4,Warehouse C,SUP-021,90,22.5045,16.4183,28.5907,211,0,211,50,,0,0,Low,NO_REORDER_POSITION_SUFFICIENT,,,Gross units demand; promo de-lifted; stockout days censored; MOQ from historical min PO; two supplier/container slots.,No purchase action
30/06/2026,BRA-0061,Category 3 Model 061,Category 3,Warehouse A,SUP-003,30,42.7167,30.931,54.5024,995,0,995,87.5,,0,0,Low,NO_REORDER_POSITION_SUFFICIENT,,,Gross units demand; promo de-lifted; stockout days censored; MOQ from historical min PO; two supplier/container slots.,No purchase action
30/06/2026,BRA-0061,Category 3 Model 061,Category 3,Warehouse A,SUP-003,60,85.2541,62.0917,108.4164,995,0,995,87.5,,0,0,Low,NO_REORDER_POSITION_SUFFICIENT,,,Gross units demand; promo de-lifted; stockout days censored; MOQ from historical min PO; two supplier/container slots.,No purchase action
30/06/2026,BRA-0061,Category 3 Model 061,Category 3,Warehouse A,SUP-003,90,127.8203,93.2521,162.3885,995,0,995,87.5,,0,0,Low,NO_REORDER_POSITION_SUFFICIENT,,,Gross units demand; promo de-lifted; stockout days censored; MOQ from historical min PO; two supplier/container slots.,No purchase action
30/06/2026,BRA-0061,Category 3 Model 061,Category 3,Warehouse B,SUP-003,30,18.4149,13.3342,23.4957,434,31,465,87.5,,0,0,Low,NO_REORDER_POSITION_SUFFICIENT,,,Gross units demand; promo de-lifted; stockout days censored; MOQ from historical min PO; two supplier/container slots.,No purchase action
30/06/2026,BRA-0061,Category 3 Model 061,Category 3,Warehouse B,SUP-003,60,36.8237,26.8192,46.8281,434,31,465,87.5,,0,0,Low,NO_REORDER_POSITION_SUFFICIENT,,,Gross units demand; promo de-lifted; stockout days censored; MOQ from historical min PO; two supplier/container slots.,No purchase action
30/06/2026,BRA-0061,Category 3 Model 061,Category 3,Warehouse B,SUP-003,90,55.2151,40.2825,70.1476,434,31,465,87.5,,0,0,Low,NO_REORDER_POSITION_SUFFICIENT,,,Gross units demand; promo de-lifted; stockout days censored; MOQ from historical min PO; two supplier/container slots.,No purchase action
30/06/2026,BRA-0061,Category 3 Model 061,Category 3,Warehouse C,SUP-003,30,11.161,8.0816,14.2404,369,216,585,87.5,,0,0,Low,NO_REORDER_POSITION_SUFFICIENT,,,Gross units demand; promo de-lifted; stockout days censored; MOQ from historical min PO; two supplier/container slots.,No purchase action
30/06/2026,BRA-0061,Category 3 Model 061,Category 3,Warehouse C,SUP-003,60,22.265,16.2159,28.3141,369,216,585,87.5,,0,0,Low,NO_REORDER_POSITION_SUFFICIENT,,,Gross units demand; promo de-lifted; stockout days censored; MOQ from historical min PO; two supplier/container slots.,No purchase action
30/06/2026,BRA-0061,Category 3 Model 061,Category 3,Warehouse C,SUP-003,90,33.3921,24.3614,42.4228,369,216,585,87.5,,0,0,Low,NO_REORDER_POSITION_SUFFICIENT,,,Gross units demand; promo de-lifted; stockout days censored; MOQ from historical min PO; two supplier/container slots.,No purchase action
30/06/2026,BRA-0062,Category 3 Model 062,Category 3,Warehouse A,SUP-010,30,17.9311,12.9838,22.8784,17,192,209,38,,0,0,Low,NO_REORDER_POSITION_SUFFICIENT,,,Gross units demand; promo de-lifted; stockout days censored; MOQ from historical min PO; two supplier/container slots.,No purchase action
30/06/2026,BRA-0062,Category 3 Model 062,Category 3,Warehouse A,SUP-010,60,35.915,26.1574,45.6727,17,192,209,38,,0,0,Low,NO_REORDER_POSITION_SUFFICIENT,,,Gross units demand; promo de-lifted; stockout days censored; MOQ from historical min PO; two supplier/container slots.,No purchase action
30/06/2026,BRA-0062,Category 3 Model 062,Category 3,Warehouse A,SUP-010,90,53.8644,39.2971,68.4317,17,192,209,38,,0,0,Low,NO_REORDER_POSITION_SUFFICIENT,,,Gross units demand; promo de-lifted; stockout days censored; MOQ from historical min PO; two supplier/container slots.,No purchase action
30/06/2026,BRA-0062,Category 3 Model 062,Category 3,Warehouse B,SUP-010,30,12.1133,8.7712,15.4554,351,0,351,38,,0,0,Low,NO_REORDER_POSITION_SUFFICIENT,,,Gross units demand; promo de-lifted; stockout days censored; MOQ from historical min PO; two supplier/container slots.,No purchase action
30/06/2026,BRA-0062,Category 3 Model 062,Category 3,Warehouse B,SUP-010,60,24.2757,17.6804,30.8711,351,0,351,38,,0,0,Low,NO_REORDER_POSITION_SUFFICIENT,,,Gross units demand; promo de-lifted; stockout days censored; MOQ from historical min PO; two supplier/container slots.,No purchase action
30/06/2026,BRA-0062,Category 3 Model 062,Category 3,Warehouse B,SUP-010,90,36.3863,26.5458,46.2267,351,0,351,38,,0,0,Low,NO_REORDER_POSITION_SUFFICIENT,,,Gross units demand; promo de-lifted; stockout days censored; MOQ from historical min PO; two supplier/container slots.,No purchase action
30/06/2026,BRA-0062,Category 3 Model 062,Category 3,Warehouse C,SUP-010,30,3.7732,2.7322,4.8143,47,0,47,38,,0,0,Low,NO_REORDER_POSITION_SUFFICIENT,,,Gross units demand; promo de-lifted; stockout days censored; MOQ from historical min PO; two supplier/container slots.,No purchase action
30/06/2026,BRA-0062,Category 3 Model 062,Category 3,Warehouse C,SUP-010,60,7.5624,5.5078,9.617,47,0,47,38,,0,0,Low,NO_REORDER_POSITION_SUFFICIENT,,,Gross units demand; promo de-lifted; stockout days censored; MOQ from historical min PO; two supplier/container slots.,No purchase action
30/06/2026,BRA-0062,Category 3 Model 062,Category 3,Warehouse C,SUP-010,90,11.34,8.2731,14.4068,47,0,47,38,,0,0,Low,NO_REORDER_POSITION_SUFFICIENT,,,Gross units demand; promo de-lifted; stockout days censored; MOQ from historical min PO; two supplier/container slots.,No purchase action
30/06/2026,BRA-0063,Category 4 Model 063,Category 4,Warehouse A,SUP-017,30,6.2608,4.5334,7.9882,450,19,469,63.75,,0,0,Low,NO_REORDER_POSITION_SUFFICIENT,,,Gross units demand; promo de-lifted; stockout days censored; MOQ from historical min PO; two supplier/container slots.,No purchase action
30/06/2026,BRA-0063,Category 4 Model 063,Category 4,Warehouse A,SUP-017,60,12.5392,9.1325,15.9459,450,19,469,63.75,,0,0,Low,NO_REORDER_POSITION_SUFFICIENT,,,Gross units demand; promo de-lifted; stockout days censored; MOQ from historical min PO; two supplier/container slots.,No purchase action
30/06/2026,BRA-0063,Category 4 Model 063,Category 4,Warehouse A,SUP-017,90,18.8002,13.7158,23.8847,450,19,469,63.75,,0,0,Low,NO_REORDER_POSITION_SUFFICIENT,,,Gross units demand; promo de-lifted; stockout days censored; MOQ from historical min PO; two supplier/container slots.,No purchase action
30/06/2026,BRA-0063,Category 4 Model 063,Category 4,Warehouse B,SUP-017,30,2.5794,1.8677,3.291,11,0,11,63.75,,0,0,Low,NO_REORDER_POSITION_SUFFICIENT,,,Gross units demand; promo de-lifted; stockout days censored; MOQ from historical min PO; two supplier/container slots.,No purchase action
30/06/2026,BRA-0063,Category 4 Model 063,Category 4,Warehouse B,SUP-017,60,5.1638,3.7609,6.5668,11,0,11,63.75,,0,0,Low,NO_REORDER_POSITION_SUFFICIENT,,,Gross units demand; promo de-lifted; stockout days censored; MOQ from historical min PO; two supplier/container slots.,No purchase action
30/06/2026,BRA-0063,Category 4 Model 063,Category 4,Warehouse B,SUP-017,90,7.7483,5.6528,9.8438,11,0,11,63.75,,0,0,Low,NO_REORDER_POSITION_SUFFICIENT,,,Gross units demand; promo de-lifted; stockout days censored; MOQ from historical min PO; two supplier/container slots.,No purchase action
30/06/2026,BRA-0063,Category 4 Model 063,Category 4,Warehouse C,SUP-017,30,1.4616,1.0583,1.8649,59,0,59,63.75,,0,0,Low,NO_REORDER_POSITION_SUFFICIENT,,,Gross units demand; promo de-lifted; stockout days censored; MOQ from historical min PO; two supplier/container slots.,No purchase action
30/06/2026,BRA-0063,Category 4 Model 063,Category 4,Warehouse C,SUP-017,60,2.9287,2.133,3.7244,59,0,59,63.75,,0,0,Low,NO_REORDER_POSITION_SUFFICIENT,,,Gross units demand; promo de-lifted; stockout days censored; MOQ from historical min PO; two supplier/container slots.,No purchase action
30/06/2026,BRA-0063,Category 4 Model 063,Category 4,Warehouse C,SUP-017,90,4.3901,3.2028,5.5774,59,0,59,63.75,,0,0,Low,NO_REORDER_POSITION_SUFFICIENT,,,Gross units demand; promo de-lifted; stockout days censored; MOQ from historical min PO; two supplier/container slots.,No purchase action
30/06/2026,BRA-0064,Category 3 Model 064,Category 3,Warehouse A,SUP-024,30,18.1803,13.1643,23.1964,157,0,157,95,,0,0,Low,NO_REORDER_POSITION_SUFFICIENT,,,Gross units demand; promo de-lifted; stockout days censored; MOQ from historical min PO; two supplier/container slots.,No purchase action
30/06/2026,BRA-0064,Category 3 Model 064,Category 3,Warehouse A,SUP-024,60,36.3887,26.5024,46.275,157,0,157,95,,0,0,Low,NO_REORDER_POSITION_SUFFICIENT,,,Gross units demand; promo de-lifted; stockout days censored; MOQ from historical min PO; two supplier/container slots.,No purchase action
30/06/2026,BRA-0064,Category 3 Model 064,Category 3,Warehouse A,SUP-024,90,54.5968,39.8314,69.3622,157,0,157,95,,0,0,Low,NO_REORDER_POSITION_SUFFICIENT,,,Gross units demand; promo de-lifted; stockout days censored; MOQ from historical min PO; two supplier/container slots.,No purchase action
30/06/2026,BRA-0064,Category 3 Model 064,Category 3,Warehouse B,SUP-024,30,12.6174,9.1362,16.0987,319,0,319,95,,0,0,Low,NO_REORDER_POSITION_SUFFICIENT,,,Gross units demand; promo de-lifted; stockout days censored; MOQ from historical min PO; two supplier/container slots.,No purchase action
30/06/2026,BRA-0064,Category 3 Model 064,Category 3,Warehouse B,SUP-024,60,25.2649,18.4008,32.1291,319,0,319,95,,0,0,Low,NO_REORDER_POSITION_SUFFICIENT,,,Gross units demand; promo de-lifted; stockout days censored; MOQ from historical min PO; two supplier/container slots.,No purchase action
30/06/2026,BRA-0064,Category 3 Model 064,Category 3,Warehouse B,SUP-024,90,37.8816,27.6367,48.1264,319,0,319,95,,0,0,Low,NO_REORDER_POSITION_SUFFICIENT,,,Gross units demand; promo de-lifted; stockout days censored; MOQ from historical min PO; two supplier/container slots.,No purchase action
30/06/2026,BRA-0064,Category 3 Model 064,Category 3,Warehouse C,SUP-024,30,3.1369,2.2714,4.0024,50,0,50,95,,0,0,Low,NO_REORDER_POSITION_SUFFICIENT,,,Gross units demand; promo de-lifted; stockout days censored; MOQ from historical min PO; two supplier/container slots.,No purchase action
30/06/2026,BRA-0064,Category 3 Model 064,Category 3,Warehouse C,SUP-024,60,6.243,4.5468,7.9391,50,0,50,95,,0,0,Low,NO_REORDER_POSITION_SUFFICIENT,,,Gross units demand; promo de-lifted; stockout days censored; MOQ from historical min PO; two supplier/container slots.,No purchase action
30/06/2026,BRA-0064,Category 3 Model 064,Category 3,Warehouse C,SUP-024,90,9.3547,6.8248,11.8847,50,0,50,95,,0,0,Low,NO_REORDER_POSITION_SUFFICIENT,,,Gross units demand; promo de-lifted; stockout days censored; MOQ from historical min PO; two supplier/container slots.,No purchase action
30/06/2026,BRA-0065,Category 4 Model 065,Category 4,Warehouse A,SUP-006,30,20.8329,15.085,26.5808,223,0,223,53.25,,0,0,Low,NO_REORDER_POSITION_SUFFICIENT,,,Gross units demand; promo de-lifted; stockout days censored; MOQ from historical min PO; two supplier/container slots.,No purchase action
30/06/2026,BRA-0065,Category 4 Model 065,Category 4,Warehouse A,SUP-006,60,41.7177,30.3835,53.0518,223,0,223,53.25,,0,0,Low,NO_REORDER_POSITION_SUFFICIENT,,,Gross units demand; promo de-lifted; stockout days censored; MOQ from historical min PO; two supplier/container slots.,No purchase action
30/06/2026,BRA-0065,Category 4 Model 065,Category 4,Warehouse A,SUP-006,90,62.5679,45.6468,79.489,223,0,223,53.25,,0,0,Low,NO_REORDER_POSITION_SUFFICIENT,,,Gross units demand; promo de-lifted; stockout days censored; MOQ from historical min PO; two supplier/container slots.,No purchase action
30/06/2026,BRA-0065,Category 4 Model 065,Category 4,Warehouse B,SUP-006,30,14.2409,10.3118,18.17,732,0,732,53.25,,0,0,Low,NO_REORDER_POSITION_SUFFICIENT,,,Gross units demand; promo de-lifted; stockout days censored; MOQ from historical min PO; two supplier/container slots.,No purchase action
30/06/2026,BRA-0065,Category 4 Model 065,Category 4,Warehouse B,SUP-006,60,28.4488,20.7197,36.178,732,0,732,53.25,,0,0,Low,NO_REORDER_POSITION_SUFFICIENT,,,Gross units demand; promo de-lifted; stockout days censored; MOQ from historical min PO; two supplier/container slots.,No purchase action
30/06/2026,BRA-0065,Category 4 Model 065,Category 4,Warehouse B,SUP-006,90,42.6971,31.15,54.2443,732,0,732,53.25,,0,0,Low,NO_REORDER_POSITION_SUFFICIENT,,,Gross units demand; promo de-lifted; stockout days censored; MOQ from historical min PO; two supplier/container slots.,No purchase action
30/06/2026,BRA-0065,Category 4 Model 065,Category 4,Warehouse C,SUP-006,30,7.5922,5.4975,9.687,485,0,485,53.25,,0,0,Low,NO_REORDER_POSITION_SUFFICIENT,,,Gross units demand; promo de-lifted; stockout days censored; MOQ from historical min PO; two supplier/container slots.,No purchase action
30/06/2026,BRA-0065,Category 4 Model 065,Category 4,Warehouse C,SUP-006,60,15.1644,11.0444,19.2844,485,0,485,53.25,,0,0,Low,NO_REORDER_POSITION_SUFFICIENT,,,Gross units demand; promo de-lifted; stockout days censored; MOQ from historical min PO; two supplier/container slots.,No purchase action
30/06/2026,BRA-0065,Category 4 Model 065,Category 4,Warehouse C,SUP-006,90,22.7308,16.5834,28.8782,485,0,485,53.25,,0,0,Low,NO_REORDER_POSITION_SUFFICIENT,,,Gross units demand; promo de-lifted; stockout days censored; MOQ from historical min PO; two supplier/container slots.,No purchase action
30/06/2026,BRA-0066,Category 4 Model 066,Category 4,Warehouse A,SUP-013,30,27.8175,20.1426,35.4925,1249,0,1249,82,,0,0,Low,NO_REORDER_POSITION_SUFFICIENT,,,Gross units demand; promo de-lifted; stockout days censored; MOQ from historical min PO; two supplier/container slots.,No purchase action
30/06/2026,BRA-0066,Category 4 Model 066,Category 4,Warehouse A,SUP-013,60,55.6136,40.5041,70.723,1249,0,1249,82,,0,0,Low,NO_REORDER_POSITION_SUFFICIENT,,,Gross units demand; promo de-lifted; stockout days censored; MOQ from historical min PO; two supplier/container slots.,No purchase action
30/06/2026,BRA-0066,Category 4 Model 066,Category 4,Warehouse A,SUP-013,90,83.3948,60.8412,105.9485,1249,0,1249,82,,0,0,Low,NO_REORDER_POSITION_SUFFICIENT,,,Gross units demand; promo de-lifted; stockout days censored; MOQ from historical min PO; two supplier/container slots.,No purchase action
30/06/2026,BRA-0066,Category 4 Model 066,Category 4,Warehouse B,SUP-013,30,14.9222,10.8051,19.0393,547,0,547,82,,0,0,Low,NO_REORDER_POSITION_SUFFICIENT,,,Gross units demand; promo de-lifted; stockout days censored; MOQ from historical min PO; two supplier/container slots.,No purchase action
30/06/2026,BRA-0066,Category 4 Model 066,Category 4,Warehouse B,SUP-013,60,29.8783,21.7608,37.9958,547,0,547,82,,0,0,Low,NO_REORDER_POSITION_SUFFICIENT,,,Gross units demand; promo de-lifted; stockout days censored; MOQ from historical min PO; two supplier/container slots.,No purchase action
30/06/2026,BRA-0066,Category 4 Model 066,Category 4,Warehouse B,SUP-013,90,44.8074,32.6895,56.9253,547,0,547,82,,0,0,Low,NO_REORDER_POSITION_SUFFICIENT,,,Gross units demand; promo de-lifted; stockout days censored; MOQ from historical min PO; two supplier/container slots.,No purchase action
30/06/2026,BRA-0066,Category 4 Model 066,Category 4,Warehouse C,SUP-013,30,5.4729,3.9629,6.9828,343,0,343,82,,0,0,Low,NO_REORDER_POSITION_SUFFICIENT,,,Gross units demand; promo de-lifted; stockout days censored; MOQ from historical min PO; two supplier/container slots.,No purchase action
30/06/2026,BRA-0066,Category 4 Model 066,Category 4,Warehouse C,SUP-013,60,10.9371,7.9656,13.9085,343,0,343,82,,0,0,Low,NO_REORDER_POSITION_SUFFICIENT,,,Gross units demand; promo de-lifted; stockout days censored; MOQ from historical min PO; two supplier/container slots.,No purchase action
30/06/2026,BRA-0066,Category 4 Model 066,Category 4,Warehouse C,SUP-013,90,16.4328,11.9886,20.8769,343,0,343,82,,0,0,Low,NO_REORDER_POSITION_SUFFICIENT,,,Gross units demand; promo de-lifted; stockout days censored; MOQ from historical min PO; two supplier/container slots.,No purchase action
30/06/2026,BRA-0067,Category 1 Model 067,Category 1,Warehouse A,SUP-020,30,5.5305,4.0046,7.0565,11,48,59,32.25,,0,0,Low,NO_REORDER_POSITION_SUFFICIENT,,,Gross units demand; promo de-lifted; stockout days censored; MOQ from historical min PO; two supplier/container slots.,No purchase action
30/06/2026,BRA-0067,Category 1 Model 067,Category 1,Warehouse A,SUP-020,60,11.0655,8.0591,14.0718,11,48,59,32.25,,0,0,Low,NO_REORDER_POSITION_SUFFICIENT,,,Gross units demand; promo de-lifted; stockout days censored; MOQ from historical min PO; two supplier/container slots.,No purchase action
30/06/2026,BRA-0067,Category 1 Model 067,Category 1,Warehouse A,SUP-020,90,16.6062,12.1151,21.0972,11,48,59,32.25,,0,0,Low,NO_REORDER_POSITION_SUFFICIENT,,,Gross units demand; promo de-lifted; stockout days censored; MOQ from historical min PO; two supplier/container slots.,No purchase action
30/06/2026,BRA-0067,Category 1 Model 067,Category 1,Warehouse B,SUP-020,30,2.5465,1.8439,3.249,41,0,41,32.25,,0,0,Low,NO_REORDER_POSITION_SUFFICIENT,,,Gross units demand; promo de-lifted; stockout days censored; MOQ from historical min PO; two supplier/container slots.,No purchase action
30/06/2026,BRA-0067,Category 1 Model 067,Category 1,Warehouse B,SUP-020,60,5.0805,3.7002,6.4608,41,0,41,32.25,,0,0,Low,NO_REORDER_POSITION_SUFFICIENT,,,Gross units demand; promo de-lifted; stockout days censored; MOQ from historical min PO; two supplier/container slots.,No purchase action
30/06/2026,BRA-0067,Category 1 Model 067,Category 1,Warehouse B,SUP-020,90,7.6318,5.5678,9.6957,41,0,41,32.25,,0,0,Low,NO_REORDER_POSITION_SUFFICIENT,,,Gross units demand; promo de-lifted; stockout days censored; MOQ from historical min PO; two supplier/container slots.,No purchase action
30/06/2026,BRA-0067,Category 1 Model 067,Category 1,Warehouse C,SUP-020,30,2.9996,2.172,3.8272,66,0,66,32.25,,0,0,Low,NO_REORDER_POSITION_SUFFICIENT,,,Gross units demand; promo de-lifted; stockout days censored; MOQ from historical min PO; two supplier/container slots.,No purchase action
30/06/2026,BRA-0067,Category 1 Model 067,Category 1,Warehouse C,SUP-020,60,6.0105,4.3775,7.6435,66,0,66,32.25,,0,0,Low,NO_REORDER_POSITION_SUFFICIENT,,,Gross units demand; promo de-lifted; stockout days censored; MOQ from historical min PO; two supplier/container slots.,No purchase action
30/06/2026,BRA-0067,Category 1 Model 067,Category 1,Warehouse C,SUP-020,90,9.0156,6.5774,11.4539,66,0,66,32.25,,0,0,Low,NO_REORDER_POSITION_SUFFICIENT,,,Gross units demand; promo de-lifted; stockout days censored; MOQ from historical min PO; two supplier/container slots.,No purchase action
30/06/2026,BRA-0068,Category 2 Model 068,Category 2,Warehouse A,SUP-002,30,23.731,17.1835,30.2785,610,0,610,68.5,,0,0,Low,NO_REORDER_POSITION_SUFFICIENT,,,Gross units demand; promo de-lifted; stockout days censored; MOQ from historical min PO; two supplier/container slots.,No purchase action
30/06/2026,BRA-0068,Category 2 Model 068,Category 2,Warehouse A,SUP-002,60,47.4011,34.5228,60.2793,610,0,610,68.5,,0,0,Low,NO_REORDER_POSITION_SUFFICIENT,,,Gross units demand; promo de-lifted; stockout days censored; MOQ from historical min PO; two supplier/container slots.,No purchase action
30/06/2026,BRA-0068,Category 2 Model 068,Category 2,Warehouse A,SUP-002,90,71.1124,51.8805,90.3443,610,0,610,68.5,,0,0,Low,NO_REORDER_POSITION_SUFFICIENT,,,Gross units demand; promo de-lifted; stockout days censored; MOQ from historical min PO; two supplier/container slots.,No purchase action
30/06/2026,BRA-0068,Category 2 Model 068,Category 2,Warehouse B,SUP-002,30,14.2443,10.3142,18.1743,751,67,818,68.5,,0,0,Low,NO_REORDER_POSITION_SUFFICIENT,,,Gross units demand; promo de-lifted; stockout days censored; MOQ from historical min PO; two supplier/container slots.,No purchase action
30/06/2026,BRA-0068,Category 2 Model 068,Category 2,Warehouse B,SUP-002,60,28.4376,20.7115,36.1637,751,67,818,68.5,,0,0,Low,NO_REORDER_POSITION_SUFFICIENT,,,Gross units demand; promo de-lifted; stockout days censored; MOQ from historical min PO; two supplier/container slots.,No purchase action
30/06/2026,BRA-0068,Category 2 Model 068,Category 2,Warehouse B,SUP-002,90,42.6366,31.1058,54.1674,751,67,818,68.5,,0,0,Low,NO_REORDER_POSITION_SUFFICIENT,,,Gross units demand; promo de-lifted; stockout days censored; MOQ from historical min PO; two supplier/container slots.,No purchase action
30/06/2026,BRA-0068,Category 2 Model 068,Category 2,Warehouse C,SUP-002,30,3.9094,2.8307,4.988,59,0,59,68.5,,0,0,Low,NO_REORDER_POSITION_SUFFICIENT,,,Gross units demand; promo de-lifted; stockout days censored; MOQ from historical min PO; two supplier/container slots.,No purchase action
30/06/2026,BRA-0068,Category 2 Model 068,Category 2,Warehouse C,SUP-002,60,7.782,5.6677,9.8963,59,0,59,68.5,,0,0,Low,NO_REORDER_POSITION_SUFFICIENT,,,Gross units demand; promo de-lifted; stockout days censored; MOQ from historical min PO; two supplier/container slots.,No purchase action
30/06/2026,BRA-0068,Category 2 Model 068,Category 2,Warehouse C,SUP-002,90,11.672,8.5154,14.8286,59,0,59,68.5,,0,0,Low,NO_REORDER_POSITION_SUFFICIENT,,,Gross units demand; promo de-lifted; stockout days censored; MOQ from historical min PO; two supplier/container slots.,No purchase action
30/06/2026,BRA-0069,Category 1 Model 069,Category 1,Warehouse A,SUP-009,30,24.2548,17.5628,30.9468,528,0,528,97.5,,0,0,Low,NO_REORDER_POSITION_SUFFICIENT,,,Gross units demand; promo de-lifted; stockout days censored; MOQ from historical min PO; two supplier/container slots.,No purchase action
30/06/2026,BRA-0069,Category 1 Model 069,Category 1,Warehouse A,SUP-009,60,48.4376,35.2777,61.5974,528,0,528,97.5,,0,0,Low,NO_REORDER_POSITION_SUFFICIENT,,,Gross units demand; promo de-lifted; stockout days censored; MOQ from historical min PO; two supplier/container slots.,No purchase action
30/06/2026,BRA-0069,Category 1 Model 069,Category 1,Warehouse A,SUP-009,90,72.6434,52.9974,92.2894,528,0,528,97.5,,0,0,Low,NO_REORDER_POSITION_SUFFICIENT,,,Gross units demand; promo de-lifted; stockout days censored; MOQ from historical min PO; two supplier/container slots.,No purchase action
30/06/2026,BRA-0069,Category 1 Model 069,Category 1,Warehouse B,SUP-009,30,11.7007,8.4724,14.929,1343,0,1343,97.5,,0,0,Low,NO_REORDER_POSITION_SUFFICIENT,,,Gross units demand; promo de-lifted; stockout days censored; MOQ from historical min PO; two supplier/container slots.,No purchase action
30/06/2026,BRA-0069,Category 1 Model 069,Category 1,Warehouse B,SUP-009,60,23.3257,16.9884,29.663,1343,0,1343,97.5,,0,0,Low,NO_REORDER_POSITION_SUFFICIENT,,,Gross units demand; promo de-lifted; stockout days censored; MOQ from historical min PO; two supplier/container slots.,No purchase action
30/06/2026,BRA-0069,Category 1 Model 069,Category 1,Warehouse B,SUP-009,90,34.9392,25.4901,44.3883,1343,0,1343,97.5,,0,0,Low,NO_REORDER_POSITION_SUFFICIENT,,,Gross units demand; promo de-lifted; stockout days censored; MOQ from historical min PO; two supplier/container slots.,No purchase action
30/06/2026,BRA-0069,Category 1 Model 069,Category 1,Warehouse C,SUP-009,30,11.5848,8.3885,14.7811,602,192,794,97.5,,0,0,Low,NO_REORDER_POSITION_SUFFICIENT,,,Gross units demand; promo de-lifted; stockout days censored; MOQ from historical min PO; two supplier/container slots.,No purchase action
30/06/2026,BRA-0069,Category 1 Model 069,Category 1,Warehouse C,SUP-009,60,23.1077,16.8297,29.3858,602,192,794,97.5,,0,0,Low,NO_REORDER_POSITION_SUFFICIENT,,,Gross units demand; promo de-lifted; stockout days censored; MOQ from historical min PO; two supplier/container slots.,No purchase action
30/06/2026,BRA-0069,Category 1 Model 069,Category 1,Warehouse C,SUP-009,90,34.6826,25.3029,44.0623,602,192,794,97.5,,0,0,Low,NO_REORDER_POSITION_SUFFICIENT,,,Gross units demand; promo de-lifted; stockout days censored; MOQ from historical min PO; two supplier/container slots.,No purchase action
30/06/2026,BRA-0070,Category 4 Model 070,Category 4,Warehouse A,SUP-016,30,31.2139,22.6018,39.8259,101,81,182,51,,0,0,Low,NO_REORDER_POSITION_SUFFICIENT,,,Gross units demand; promo de-lifted; stockout days censored; MOQ from historical min PO; two supplier/container slots.,No purchase action
30/06/2026,BRA-0070,Category 4 Model 070,Category 4,Warehouse A,SUP-016,60,62.3814,45.4332,79.3296,101,81,182,51,,0,0,Low,NO_REORDER_POSITION_SUFFICIENT,,,Gross units demand; promo de-lifted; stockout days censored; MOQ from historical min PO; two supplier/container slots.,No purchase action
30/06/2026,BRA-0070,Category 4 Model 070,Category 4,Warehouse A,SUP-016,90,93.4796,68.1986,118.7607,101,81,182,51,,0,0,Low,NO_REORDER_POSITION_SUFFICIENT,,,Gross units demand; promo de-lifted; stockout days censored; MOQ from historical min PO; two supplier/container slots.,No purchase action
30/06/2026,BRA-0070,Category 4 Model 070,Category 4,Warehouse B,SUP-016,30,15.3656,11.1262,19.605,318,46,364,51,,0,0,Low,NO_REORDER_POSITION_SUFFICIENT,,,Gross units demand; promo de-lifted; stockout days censored; MOQ from historical min PO; two supplier/container slots.,No purchase action
30/06/2026,BRA-0070,Category 4 Model 070,Category 4,Warehouse B,SUP-016,60,30.6957,22.3561,39.0353,318,46,364,51,,0,0,Low,NO_REORDER_POSITION_SUFFICIENT,,,Gross units demand; promo de-lifted; stockout days censored; MOQ from historical min PO; two supplier/container slots.,No purchase action
30/06/2026,BRA-0070,Category 4 Model 070,Category 4,Warehouse B,SUP-016,90,46.0315,33.5826,58.4804,318,46,364,51,,0,0,Low,NO_REORDER_POSITION_SUFFICIENT,,,Gross units demand; promo de-lifted; stockout days censored; MOQ from historical min PO; two supplier/container slots.,No purchase action
30/06/2026,BRA-0070,Category 4 Model 070,Category 4,Warehouse C,SUP-016,30,6.1843,4.478,7.8905,43,0,43,51,,0,0,Low,NO_REORDER_POSITION_SUFFICIENT,,,Gross units demand; promo de-lifted; stockout days censored; MOQ from historical min PO; two supplier/container slots.,No purchase action
30/06/2026,BRA-0070,Category 4 Model 070,Category 4,Warehouse C,SUP-016,60,12.3369,8.9851,15.6887,43,0,43,51,,0,0,Low,NO_REORDER_POSITION_SUFFICIENT,,,Gross units demand; promo de-lifted; stockout days censored; MOQ from historical min PO; two supplier/container slots.,No purchase action
30/06/2026,BRA-0070,Category 4 Model 070,Category 4,Warehouse C,SUP-016,90,18.5184,13.5102,23.5266,43,0,43,51,,0,0,Low,NO_REORDER_POSITION_SUFFICIENT,,,Gross units demand; promo de-lifted; stockout days censored; MOQ from historical min PO; two supplier/container slots.,No purchase action
30/06/2026,BRA-0071,Category 3 Model 071,Category 3,Warehouse A,SUP-023,30,20.7856,15.0508,26.5204,671,49,720,87.25,,0,0,Low,NO_REORDER_POSITION_SUFFICIENT,,,Gross units demand; promo de-lifted; stockout days censored; MOQ from historical min PO; two supplier/container slots.,No purchase action
30/06/2026,BRA-0071,Category 3 Model 071,Category 3,Warehouse A,SUP-023,60,41.5813,30.2842,52.8784,671,49,720,87.25,,0,0,Low,NO_REORDER_POSITION_SUFFICIENT,,,Gross units demand; promo de-lifted; stockout days censored; MOQ from historical min PO; two supplier/container slots.,No purchase action
30/06/2026,BRA-0071,Category 3 Model 071,Category 3,Warehouse A,SUP-023,90,62.3598,45.4949,79.2246,671,49,720,87.25,,0,0,Low,NO_REORDER_POSITION_SUFFICIENT,,,Gross units demand; promo de-lifted; stockout days censored; MOQ from historical min PO; two supplier/container slots.,No purchase action
30/06/2026,BRA-0071,Category 3 Model 071,Category 3,Warehouse B,SUP-023,30,16.434,11.8998,20.9682,77,0,77,87.25,,0,0,Low,NO_REORDER_POSITION_SUFFICIENT,,,Gross units demand; promo de-lifted; stockout days censored; MOQ from historical min PO; two supplier/container slots.,No purchase action
30/06/2026,BRA-0071,Category 3 Model 071,Category 3,Warehouse B,SUP-023,60,32.8048,23.8922,41.7174,77,0,77,87.25,,0,0,Low,NO_REORDER_POSITION_SUFFICIENT,,,Gross units demand; promo de-lifted; stockout days censored; MOQ from historical min PO; two supplier/container slots.,No purchase action
30/06/2026,BRA-0071,Category 3 Model 071,Category 3,Warehouse B,SUP-023,90,49.1813,35.8805,62.4821,77,0,77,87.25,,0,0,Low,NO_REORDER_POSITION_SUFFICIENT,,,Gross units demand; promo de-lifted; stockout days censored; MOQ from historical min PO; two supplier/container slots.,No purchase action
30/06/2026,BRA-0071,Category 3 Model 071,Category 3,Warehouse C,SUP-023,30,5.1861,3.7552,6.617,111,468,579,87.25,,0,0,Low,NO_REORDER_POSITION_SUFFICIENT,,,Gross units demand; promo de-lifted; stockout days censored; MOQ from historical min PO; two supplier/container slots.,No purchase action
30/06/2026,BRA-0071,Category 3 Model 071,Category 3,Warehouse C,SUP-023,60,10.3406,7.5312,13.15,111,468,579,87.25,,0,0,Low,NO_REORDER_POSITION_SUFFICIENT,,,Gross units demand; promo de-lifted; stockout days censored; MOQ from historical min PO; two supplier/container slots.,No purchase action
30/06/2026,BRA-0071,Category 3 Model 071,Category 3,Warehouse C,SUP-023,90,15.5008,11.3087,19.6929,111,468,579,87.25,,0,0,Low,NO_REORDER_POSITION_SUFFICIENT,,,Gross units demand; promo de-lifted; stockout days censored; MOQ from historical min PO; two supplier/container slots.,No purchase action
30/06/2026,BRA-0072,Category 1 Model 072,Category 1,Warehouse A,SUP-005,30,25.0046,18.1057,31.9035,47,0,47,34.75,,0,0,High,NO_REORDER_POSITION_SUFFICIENT,,,Gross units demand; promo de-lifted; stockout days censored; MOQ from historical min PO; two supplier/container slots.,No purchase action
30/06/2026,BRA-0072,Category 1 Model 072,Category 1,Warehouse A,SUP-005,60,49.9398,36.3718,63.5078,47,0,47,34.75,,0,0,High,NO_REORDER_POSITION_SUFFICIENT,,,Gross units demand; promo de-lifted; stockout days censored; MOQ from historical min PO; two supplier/container slots.,No purchase action
30/06/2026,BRA-0072,Category 1 Model 072,Category 1,Warehouse A,SUP-005,90,74.8519,54.6087,95.0951,47,0,47,34.75,,0,0,High,NO_REORDER_POSITION_SUFFICIENT,,,Gross units demand; promo de-lifted; stockout days censored; MOQ from historical min PO; two supplier/container slots.,No purchase action
30/06/2026,BRA-0072,Category 1 Model 072,Category 1,Warehouse B,SUP-005,30,14.0761,10.1924,17.9597,414,0,414,34.75,,0,0,Low,NO_REORDER_POSITION_SUFFICIENT,,,Gross units demand; promo de-lifted; stockout days censored; MOQ from historical min PO; two supplier/container slots.,No purchase action
30/06/2026,BRA-0072,Category 1 Model 072,Category 1,Warehouse B,SUP-005,60,28.1884,20.53,35.8468,414,0,414,34.75,,0,0,Low,NO_REORDER_POSITION_SUFFICIENT,,,Gross units demand; promo de-lifted; stockout days censored; MOQ from historical min PO; two supplier/container slots.,No purchase action
30/06/2026,BRA-0072,Category 1 Model 072,Category 1,Warehouse B,SUP-005,90,42.2661,30.8355,53.6967,414,0,414,34.75,,0,0,Low,NO_REORDER_POSITION_SUFFICIENT,,,Gross units demand; promo de-lifted; stockout days censored; MOQ from historical min PO; two supplier/container slots.,No purchase action
30/06/2026,BRA-0072,Category 1 Model 072,Category 1,Warehouse C,SUP-005,30,3.8434,2.783,4.9038,42,0,42,34.75,,0,0,Low,NO_REORDER_POSITION_SUFFICIENT,,,Gross units demand; promo de-lifted; stockout days censored; MOQ from historical min PO; two supplier/container slots.,No purchase action
30/06/2026,BRA-0072,Category 1 Model 072,Category 1,Warehouse C,SUP-005,60,7.7195,5.6222,9.8168,42,0,42,34.75,,0,0,Low,NO_REORDER_POSITION_SUFFICIENT,,,Gross units demand; promo de-lifted; stockout days censored; MOQ from historical min PO; two supplier/container slots.,No purchase action
30/06/2026,BRA-0072,Category 1 Model 072,Category 1,Warehouse C,SUP-005,90,11.5495,8.426,14.6731,42,0,42,34.75,,0,0,Low,NO_REORDER_POSITION_SUFFICIENT,,,Gross units demand; promo de-lifted; stockout days censored; MOQ from historical min PO; two supplier/container slots.,No purchase action
30/06/2026,BRA-0073,Category 1 Model 073,Category 1,Warehouse A,SUP-012,30,2.5524,1.8482,3.2566,44,0,44,64,,0,0,Low,NO_REORDER_POSITION_SUFFICIENT,,,Gross units demand; promo de-lifted; stockout days censored; MOQ from historical min PO; two supplier/container slots.,No purchase action
30/06/2026,BRA-0073,Category 1 Model 073,Category 1,Warehouse A,SUP-012,60,5.1156,3.7257,6.5054,44,0,44,64,,0,0,Low,NO_REORDER_POSITION_SUFFICIENT,,,Gross units demand; promo de-lifted; stockout days censored; MOQ from historical min PO; two supplier/container slots.,No purchase action
30/06/2026,BRA-0073,Category 1 Model 073,Category 1,Warehouse A,SUP-012,90,7.6845,5.6063,9.7628,44,0,44,64,,0,0,Low,NO_REORDER_POSITION_SUFFICIENT,,,Gross units demand; promo de-lifted; stockout days censored; MOQ from historical min PO; two supplier/container slots.,No purchase action
30/06/2026,BRA-0073,Category 1 Model 073,Category 1,Warehouse B,SUP-012,30,2.0557,1.4885,2.6229,407,52,459,64,,0,0,Low,NO_REORDER_POSITION_SUFFICIENT,,,Gross units demand; promo de-lifted; stockout days censored; MOQ from historical min PO; two supplier/container slots.,No purchase action
30/06/2026,BRA-0073,Category 1 Model 073,Category 1,Warehouse B,SUP-012,60,4.1216,3.0018,5.2414,407,52,459,64,,0,0,Low,NO_REORDER_POSITION_SUFFICIENT,,,Gross units demand; promo de-lifted; stockout days censored; MOQ from historical min PO; two supplier/container slots.,No purchase action
30/06/2026,BRA-0073,Category 1 Model 073,Category 1,Warehouse B,SUP-012,90,6.1587,4.4931,7.8242,407,52,459,64,,0,0,Low,NO_REORDER_POSITION_SUFFICIENT,,,Gross units demand; promo de-lifted; stockout days censored; MOQ from historical min PO; two supplier/container slots.,No purchase action
30/06/2026,BRA-0073,Category 1 Model 073,Category 1,Warehouse C,SUP-012,30,2.1713,1.5722,2.7704,76,0,76,64,,0,0,Low,NO_REORDER_POSITION_SUFFICIENT,,,Gross units demand; promo de-lifted; stockout days censored; MOQ from historical min PO; two supplier/container slots.,No purchase action
30/06/2026,BRA-0073,Category 1 Model 073,Category 1,Warehouse C,SUP-012,60,4.3481,3.1668,5.5295,76,0,76,64,,0,0,Low,NO_REORDER_POSITION_SUFFICIENT,,,Gross units demand; promo de-lifted; stockout days censored; MOQ from historical min PO; two supplier/container slots.,No purchase action
30/06/2026,BRA-0073,Category 1 Model 073,Category 1,Warehouse C,SUP-012,90,6.5307,4.7645,8.2969,76,0,76,64,,0,0,Low,NO_REORDER_POSITION_SUFFICIENT,,,Gross units demand; promo de-lifted; stockout days censored; MOQ from historical min PO; two supplier/container slots.,No purchase action
30/06/2026,BRA-0075,Category 2 Model 075,Category 2,Warehouse A,SUP-001,30,1.9671,1.4244,2.5099,83,0,83,51,,0,0,Low,NO_REORDER_POSITION_SUFFICIENT,,,Gross units demand; promo de-lifted; stockout days censored; MOQ from historical min PO; two supplier/container slots.,No purchase action
30/06/2026,BRA-0075,Category 2 Model 075,Category 2,Warehouse A,SUP-001,60,3.9627,2.8861,5.0393,83,0,83,51,,0,0,Low,NO_REORDER_POSITION_SUFFICIENT,,,Gross units demand; promo de-lifted; stockout days censored; MOQ from historical min PO; two supplier/container slots.,No purchase action
30/06/2026,BRA-0075,Category 2 Model 075,Category 2,Warehouse A,SUP-001,90,5.9236,4.3216,7.5256,83,0,83,51,,0,0,Low,NO_REORDER_POSITION_SUFFICIENT,,,Gross units demand; promo de-lifted; stockout days censored; MOQ from historical min PO; two supplier/container slots.,No purchase action
30/06/2026,BRA-0075,Category 2 Model 075,Category 2,Warehouse B,SUP-001,30,1.4824,1.0734,1.8914,80,0,80,51,,0,0,Low,NO_REORDER_POSITION_SUFFICIENT,,,Gross units demand; promo de-lifted; stockout days censored; MOQ from historical min PO; two supplier/container slots.,No purchase action
30/06/2026,BRA-0075,Category 2 Model 075,Category 2,Warehouse B,SUP-001,60,2.9465,2.146,3.747,80,0,80,51,,0,0,Low,NO_REORDER_POSITION_SUFFICIENT,,,Gross units demand; promo de-lifted; stockout days censored; MOQ from historical min PO; two supplier/container slots.,No purchase action
30/06/2026,BRA-0075,Category 2 Model 075,Category 2,Warehouse B,SUP-001,90,4.4049,3.2136,5.5961,80,0,80,51,,0,0,Low,NO_REORDER_POSITION_SUFFICIENT,,,Gross units demand; promo de-lifted; stockout days censored; MOQ from historical min PO; two supplier/container slots.,No purchase action
30/06/2026,BRA-0075,Category 2 Model 075,Category 2,Warehouse C,SUP-001,30,0.7519,0.5444,0.9593,97,0,97,51,,0,0,Low,NO_REORDER_POSITION_SUFFICIENT,,,Gross units demand; promo de-lifted; stockout days censored; MOQ from historical min PO; two supplier/container slots.,No purchase action
30/06/2026,BRA-0075,Category 2 Model 075,Category 2,Warehouse C,SUP-001,60,1.4978,1.0908,1.9047,97,0,97,51,,0,0,Low,NO_REORDER_POSITION_SUFFICIENT,,,Gross units demand; promo de-lifted; stockout days censored; MOQ from historical min PO; two supplier/container slots.,No purchase action
30/06/2026,BRA-0075,Category 2 Model 075,Category 2,Warehouse C,SUP-001,90,2.2494,1.6411,2.8578,97,0,97,51,,0,0,Low,NO_REORDER_POSITION_SUFFICIENT,,,Gross units demand; promo de-lifted; stockout days censored; MOQ from historical min PO; two supplier/container slots.,No purchase action
30/06/2026,BRA-0076,Category 1 Model 076,Category 1,Warehouse A,SUP-008,30,35.8415,25.9527,45.7304,264,0,264,80,,0,0,Low,NO_REORDER_POSITION_SUFFICIENT,,,Gross units demand; promo de-lifted; stockout days censored; MOQ from historical min PO; two supplier/container slots.,No purchase action
30/06/2026,BRA-0076,Category 1 Model 076,Category 1,Warehouse A,SUP-008,60,71.6678,52.1967,91.139,264,0,264,80,,0,0,Low,NO_REORDER_POSITION_SUFFICIENT,,,Gross units demand; promo de-lifted; stockout days censored; MOQ from historical min PO; two supplier/container slots.,No purchase action
30/06/2026,BRA-0076,Category 1 Model 076,Category 1,Warehouse A,SUP-008,90,107.5057,78.4314,136.58,264,0,264,80,,0,0,Low,NO_REORDER_POSITION_SUFFICIENT,,,Gross units demand; promo de-lifted; stockout days censored; MOQ from historical min PO; two supplier/container slots.,No purchase action
30/06/2026,BRA-0076,Category 1 Model 076,Category 1,Warehouse B,SUP-008,30,17.1329,12.4059,21.8599,70,25,95,80,,0,0,Low,NO_REORDER_POSITION_SUFFICIENT,,,Gross units demand; promo de-lifted; stockout days censored; MOQ from historical min PO; two supplier/container slots.,No purchase action
30/06/2026,BRA-0076,Category 1 Model 076,Category 1,Warehouse B,SUP-008,60,34.1846,24.8971,43.472,70,25,95,80,,0,0,Low,NO_REORDER_POSITION_SUFFICIENT,,,Gross units demand; promo de-lifted; stockout days censored; MOQ from historical min PO; two supplier/container slots.,No purchase action
30/06/2026,BRA-0076,Category 1 Model 076,Category 1,Warehouse B,SUP-008,90,51.2881,37.4176,65.1587,70,25,95,80,,0,0,Low,NO_REORDER_POSITION_SUFFICIENT,,,Gross units demand; promo de-lifted; stockout days censored; MOQ from historical min PO; two supplier/container slots.,No purchase action
30/06/2026,BRA-0076,Category 1 Model 076,Category 1,Warehouse C,SUP-008,30,6.8729,4.9766,8.7692,968,40,1008,80,,0,0,Low,NO_REORDER_POSITION_SUFFICIENT,,,Gross units demand; promo de-lifted; stockout days censored; MOQ from historical min PO; two supplier/container slots.,No purchase action
30/06/2026,BRA-0076,Category 1 Model 076,Category 1,Warehouse C,SUP-008,60,13.7027,9.9798,17.4255,968,40,1008,80,,0,0,Low,NO_REORDER_POSITION_SUFFICIENT,,,Gross units demand; promo de-lifted; stockout days censored; MOQ from historical min PO; two supplier/container slots.,No purchase action
30/06/2026,BRA-0076,Category 1 Model 076,Category 1,Warehouse C,SUP-008,90,20.5728,15.009,26.1366,968,40,1008,80,,0,0,Low,NO_REORDER_POSITION_SUFFICIENT,,,Gross units demand; promo de-lifted; stockout days censored; MOQ from historical min PO; two supplier/container slots.,No purchase action
30/06/2026,BRA-0077,Category 3 Model 077,Category 3,Warehouse A,SUP-015,30,18.4295,13.3447,23.5143,85,0,85,45.5,,0,0,Low,NO_REORDER_POSITION_SUFFICIENT,,,Gross units demand; promo de-lifted; stockout days censored; MOQ from historical min PO; two supplier/container slots.,No purchase action
30/06/2026,BRA-0077,Category 3 Model 077,Category 3,Warehouse A,SUP-015,60,36.8705,26.8533,46.8877,85,0,85,45.5,,0,0,Low,NO_REORDER_POSITION_SUFFICIENT,,,Gross units demand; promo de-lifted; stockout days censored; MOQ from historical min PO; two supplier/container slots.,No purchase action
30/06/2026,BRA-0077,Category 3 Model 077,Category 3,Warehouse A,SUP-015,90,55.2596,40.315,70.2042,85,0,85,45.5,,0,0,Low,NO_REORDER_POSITION_SUFFICIENT,,,Gross units demand; promo de-lifted; stockout days censored; MOQ from historical min PO; two supplier/container slots.,No purchase action
30/06/2026,BRA-0077,Category 3 Model 077,Category 3,Warehouse B,SUP-015,30,6.153,4.4554,7.8507,673,33,706,45.5,,0,0,Low,NO_REORDER_POSITION_SUFFICIENT,,,Gross units demand; promo de-lifted; stockout days censored; MOQ from historical min PO; two supplier/container slots.,No purchase action
30/06/2026,BRA-0077,Category 3 Model 077,Category 3,Warehouse B,SUP-015,60,12.321,8.9736,15.6685,673,33,706,45.5,,0,0,Low,NO_REORDER_POSITION_SUFFICIENT,,,Gross units demand; promo de-lifted; stockout days censored; MOQ from historical min PO; two supplier/container slots.,No purchase action
30/06/2026,BRA-0077,Category 3 Model 077,Category 3,Warehouse B,SUP-015,90,18.4718,13.4762,23.4673,673,33,706,45.5,,0,0,Low,NO_REORDER_POSITION_SUFFICIENT,,,Gross units demand; promo de-lifted; stockout days censored; MOQ from historical min PO; two supplier/container slots.,No purchase action
30/06/2026,BRA-0077,Category 3 Model 077,Category 3,Warehouse C,SUP-015,30,6.786,4.9137,8.6583,214,24,238,45.5,,0,0,Low,NO_REORDER_POSITION_SUFFICIENT,,,Gross units demand; promo de-lifted; stockout days censored; MOQ from historical min PO; two supplier/container slots.,No purchase action
30/06/2026,BRA-0077,Category 3 Model 077,Category 3,Warehouse C,SUP-015,60,13.6054,9.909,17.3019,214,24,238,45.5,,0,0,Low,NO_REORDER_POSITION_SUFFICIENT,,,Gross units demand; promo de-lifted; stockout days censored; MOQ from historical min PO; two supplier/container slots.,No purchase action
30/06/2026,BRA-0077,Category 3 Model 077,Category 3,Warehouse C,SUP-015,90,20.4134,14.8927,25.934,214,24,238,45.5,,0,0,Low,NO_REORDER_POSITION_SUFFICIENT,,,Gross units demand; promo de-lifted; stockout days censored; MOQ from historical min PO; two supplier/container slots.,No purchase action
30/06/2026,BRA-0078,Category 1 Model 078,Category 1,Warehouse A,SUP-022,30,29.9899,21.7156,38.2643,372,57,429,70.75,,0,0,Low,NO_REORDER_POSITION_SUFFICIENT,,,Gross units demand; promo de-lifted; stockout days censored; MOQ from historical min PO; two supplier/container slots.,No purchase action
30/06/2026,BRA-0078,Category 1 Model 078,Category 1,Warehouse A,SUP-022,60,59.9077,43.6316,76.1838,372,57,429,70.75,,0,0,Low,NO_REORDER_POSITION_SUFFICIENT,,,Gross units demand; promo de-lifted; stockout days censored; MOQ from historical min PO; two supplier/container slots.,No purchase action
30/06/2026,BRA-0078,Category 1 Model 078,Category 1,Warehouse A,SUP-022,90,89.7769,65.4973,114.0566,372,57,429,70.75,,0,0,Low,NO_REORDER_POSITION_SUFFICIENT,,,Gross units demand; promo de-lifted; stockout days censored; MOQ from historical min PO; two supplier/container slots.,No purchase action
30/06/2026,BRA-0078,Category 1 Model 078,Category 1,Warehouse B,SUP-022,30,19.3662,14.023,24.7095,1335,43,1378,70.75,,0,0,Low,NO_REORDER_POSITION_SUFFICIENT,,,Gross units demand; promo de-lifted; stockout days censored; MOQ from historical min PO; two supplier/container slots.,No purchase action
30/06/2026,BRA-0078,Category 1 Model 078,Category 1,Warehouse B,SUP-022,60,38.7545,28.2254,49.2836,1335,43,1378,70.75,,0,0,Low,NO_REORDER_POSITION_SUFFICIENT,,,Gross units demand; promo de-lifted; stockout days censored; MOQ from historical min PO; two supplier/container slots.,No purchase action
30/06/2026,BRA-0078,Category 1 Model 078,Category 1,Warehouse B,SUP-022,90,58.1348,42.4126,73.857,1335,43,1378,70.75,,0,0,Low,NO_REORDER_POSITION_SUFFICIENT,,,Gross units demand; promo de-lifted; stockout days censored; MOQ from historical min PO; two supplier/container slots.,No purchase action
30/06/2026,BRA-0078,Category 1 Model 078,Category 1,Warehouse C,SUP-022,30,12.2874,8.8972,15.6775,15,1200,1215,70.75,,0,0,Low,NO_REORDER_POSITION_SUFFICIENT,,,Gross units demand; promo de-lifted; stockout days censored; MOQ from historical min PO; two supplier/container slots.,No purchase action
30/06/2026,BRA-0078,Category 1 Model 078,Category 1,Warehouse C,SUP-022,60,24.5852,17.9057,31.2647,15,1200,1215,70.75,,0,0,Low,NO_REORDER_POSITION_SUFFICIENT,,,Gross units demand; promo de-lifted; stockout days censored; MOQ from historical min PO; two supplier/container slots.,No purchase action
30/06/2026,BRA-0078,Category 1 Model 078,Category 1,Warehouse C,SUP-022,90,36.8126,26.8569,46.7683,15,1200,1215,70.75,,0,0,Low,NO_REORDER_POSITION_SUFFICIENT,,,Gross units demand; promo de-lifted; stockout days censored; MOQ from historical min PO; two supplier/container slots.,No purchase action
30/06/2026,BRA-0079,Category 4 Model 079,Category 4,Warehouse A,SUP-004,30,4.9933,3.6156,6.3709,9,60,69,94,,0,0,Low,NO_REORDER_POSITION_SUFFICIENT,,,Gross units demand; promo de-lifted; stockout days censored; MOQ from historical min PO; two supplier/container slots.,No purchase action
30/06/2026,BRA-0079,Category 4 Model 079,Category 4,Warehouse A,SUP-004,60,9.9596,7.2537,12.6654,9,60,69,94,,0,0,Low,NO_REORDER_POSITION_SUFFICIENT,,,Gross units demand; promo de-lifted; stockout days censored; MOQ from historical min PO; two supplier/container slots.,No purchase action
30/06/2026,BRA-0079,Category 4 Model 079,Category 4,Warehouse A,SUP-004,90,14.8988,10.8695,18.9281,9,60,69,94,,0,0,Low,NO_REORDER_POSITION_SUFFICIENT,,,Gross units demand; promo de-lifted; stockout days censored; MOQ from historical min PO; two supplier/container slots.,No purchase action
30/06/2026,BRA-0079,Category 4 Model 079,Category 4,Warehouse B,SUP-004,30,0.0962,0.0696,0.1227,48,0,48,94,,0,0,Low,NO_REORDER_POSITION_SUFFICIENT,,,Gross units demand; promo de-lifted; stockout days censored; MOQ from historical min PO; two supplier/container slots.,No purchase action
30/06/2026,BRA-0079,Category 4 Model 079,Category 4,Warehouse B,SUP-004,60,0.1981,0.1443,0.2519,48,0,48,94,,0,0,Low,NO_REORDER_POSITION_SUFFICIENT,,,Gross units demand; promo de-lifted; stockout days censored; MOQ from historical min PO; two supplier/container slots.,No purchase action
30/06/2026,BRA-0079,Category 4 Model 079,Category 4,Warehouse B,SUP-004,90,0.3,0.2189,0.3811,48,0,48,94,,0,0,Low,NO_REORDER_POSITION_SUFFICIENT,,,Gross units demand; promo de-lifted; stockout days censored; MOQ from historical min PO; two supplier/container slots.,No purchase action
30/06/2026,BRA-0079,Category 4 Model 079,Category 4,Warehouse C,SUP-004,30,0.7166,0.5189,0.9144,60,0,60,94,,0,0,Low,NO_REORDER_POSITION_SUFFICIENT,,,Gross units demand; promo de-lifted; stockout days censored; MOQ from historical min PO; two supplier/container slots.,No purchase action
30/06/2026,BRA-0079,Category 4 Model 079,Category 4,Warehouse C,SUP-004,60,1.4388,1.0479,1.8297,60,0,60,94,,0,0,Low,NO_REORDER_POSITION_SUFFICIENT,,,Gross units demand; promo de-lifted; stockout days censored; MOQ from historical min PO; two supplier/container slots.,No purchase action
30/06/2026,BRA-0079,Category 4 Model 079,Category 4,Warehouse C,SUP-004,90,2.1494,1.5681,2.7307,60,0,60,94,,0,0,Low,NO_REORDER_POSITION_SUFFICIENT,,,Gross units demand; promo de-lifted; stockout days censored; MOQ from historical min PO; two supplier/container slots.,No purchase action
30/06/2026,BRA-0080,Category 2 Model 080,Category 2,Warehouse A,SUP-011,30,14.1414,10.2397,18.043,83,46,129,55.75,,0,0,Low,NO_REORDER_POSITION_SUFFICIENT,,,Gross units demand; promo de-lifted; stockout days censored; MOQ from historical min PO; two supplier/container slots.,No purchase action
30/06/2026,BRA-0080,Category 2 Model 080,Category 2,Warehouse A,SUP-011,60,28.3005,20.6116,35.9894,83,46,129,55.75,,0,0,Low,NO_REORDER_POSITION_SUFFICIENT,,,Gross units demand; promo de-lifted; stockout days censored; MOQ from historical min PO; two supplier/container slots.,No purchase action
30/06/2026,BRA-0080,Category 2 Model 080,Category 2,Warehouse A,SUP-011,90,42.4077,30.9388,53.8767,83,46,129,55.75,,0,0,Low,NO_REORDER_POSITION_SUFFICIENT,,,Gross units demand; promo de-lifted; stockout days censored; MOQ from historical min PO; two supplier/container slots.,No purchase action
30/06/2026,BRA-0080,Category 2 Model 080,Category 2,Warehouse B,SUP-011,30,11.0269,7.9845,14.0692,432,32,464,55.75,,0,0,Low,NO_REORDER_POSITION_SUFFICIENT,,,Gross units demand; promo de-lifted; stockout days censored; MOQ from historical min PO; two supplier/container slots.,No purchase action
30/06/2026,BRA-0080,Category 2 Model 080,Category 2,Warehouse B,SUP-011,60,22.0678,16.0723,28.0633,432,32,464,55.75,,0,0,Low,NO_REORDER_POSITION_SUFFICIENT,,,Gross units demand; promo de-lifted; stockout days censored; MOQ from historical min PO; two supplier/container slots.,No purchase action
30/06/2026,BRA-0080,Category 2 Model 080,Category 2,Warehouse B,SUP-011,90,33.1203,24.1631,42.0775,432,32,464,55.75,,0,0,Low,NO_REORDER_POSITION_SUFFICIENT,,,Gross units demand; promo de-lifted; stockout days censored; MOQ from historical min PO; two supplier/container slots.,No purchase action
30/06/2026,BRA-0080,Category 2 Model 080,Category 2,Warehouse C,SUP-011,30,7.5023,5.4324,9.5723,30,0,30,55.75,,0,0,Low,NO_REORDER_POSITION_SUFFICIENT,,,Gross units demand; promo de-lifted; stockout days censored; MOQ from historical min PO; two supplier/container slots.,No purchase action
30/06/2026,BRA-0080,Category 2 Model 080,Category 2,Warehouse C,SUP-011,60,14.9968,10.9224,19.0712,30,0,30,55.75,,0,0,Low,NO_REORDER_POSITION_SUFFICIENT,,,Gross units demand; promo de-lifted; stockout days censored; MOQ from historical min PO; two supplier/container slots.,No purchase action
30/06/2026,BRA-0080,Category 2 Model 080,Category 2,Warehouse C,SUP-011,90,22.4682,16.3918,28.5446,30,0,30,55.75,,0,0,Low,NO_REORDER_POSITION_SUFFICIENT,,,Gross units demand; promo de-lifted; stockout days censored; MOQ from historical min PO; two supplier/container slots.,No purchase action
